Text,Problem,Question,Numbers,Equation,Answer,Constants
明明看一本故事书，第一天看了26页，第二天看的比第一天看的多12页，第三天看的比第一天看的3倍少18页．第二天看了多少页？,明明看一本故事书，第一天看了 [NUM] 页，第二天看的比第一天看的多 [NUM] 页，第三天看的比第一天看的 [NUM] 倍少 [NUM] 页．第二天看了多少页？,第二天看了多少页？,26 12 3 18,( ( n2 * n0 ) - n3 ) - n0,34.0,
明明看一本故事书，第一天看了26页，第二天看的比第一天看的多12页，第三天看的比第一天看的3倍少18页．第三天看了多少页？,明明看一本故事书，第一天看了 [NUM] 页，第二天看的比第一天看的多 [NUM] 页，第三天看的比第一天看的 [NUM] 倍少 [NUM] 页．第三天看了多少页？,第三天看了多少页？,26 12 3 18,( ( n2 * n0 ) - n3 ) - n0,34.0,
明明看一本故事书，第一天看了26页，第二天看的比第一天看的多12页，第三天看的比第一天看的3倍少18页．第三天比第二天多看多少页？,明明看一本故事书，第一天看了 [NUM] 页，第二天看的比第一天看的多 [NUM] 页，第三天看的比第一天看的 [NUM] 倍少 [NUM] 页．第三天比第二天多看多少页？,第三天比第二天多看多少页？,26 12 3 18,( ( n2 * n0 ) - n3 ) - n0,34.0,
明明看一本故事书，第一天看了26页，第二天看的比第一天看的多12页，第三天看的比第一天看的3倍少18页．三天总共看多少页？,明明看一本故事书，第一天看了 [NUM] 页，第二天看的比第一天看的多 [NUM] 页，第三天看的比第一天看的 [NUM] 倍少 [NUM] 页．三天总共看多少页？,三天总共看多少页？,26 12 3 18,( ( n2 * n0 ) - n3 ) - n0,34.0,
王大伯把20000元人民币存入银行，定期3年，年利率为2.75%，到期后实际获得的利息是多少元？,王大伯把 [NUM] 元人民币存入银行，定期 [NUM] 年，年利率为 [NUM] ，到期后实际获得的利息是多少元？,到期后实际获得的利息是多少元？,20000 3 0.0275,n0 * n2,550.0,
王大伯把20000元人民币存入银行，定期3年，年利率为2.75%，到期后实际能取回多少钱？,王大伯把 [NUM] 元人民币存入银行，定期 [NUM] 年，年利率为 [NUM] ，到期后实际能取回多少钱？,到期后实际能取回多少钱？,20000 3 0.0275,n0 * n2,550.0,
"妈妈买了一件上衣和一条裤子,上衣每件79.5元,一件上衣比一条裤子便宜5.38元。她付给售货员200元,应找回多少钱？","妈妈买了一件上衣和一条裤子,上衣每件 [NUM] 元,一件上衣比一条裤子便宜 [NUM] 元。她付给售货员 [NUM] 元,应找回多少钱？",应找回多少钱？,79.5 5.38 200,n0 + n1,84.88,
"妈妈买了一件上衣和一条裤子,上衣每件79.5元,一件上衣比一条裤子便宜5.38元。她付给售货员200元,一件上衣和一条裤子总共多少元？","妈妈买了一件上衣和一条裤子,上衣每件 [NUM] 元,一件上衣比一条裤子便宜 [NUM] 元。她付给售货员 [NUM] 元,一件上衣和一条裤子总共多少元？",一件上衣和一条裤子总共多少元？,79.5 5.38 200,n0 + n1,84.88,
"妈妈买了一件上衣和一条裤子,上衣每件79.5元,一件上衣比一条裤子便宜5.38元。她付给售货员200元,一件上衣的价格与一条裤子的价格的比是多少？","妈妈买了一件上衣和一条裤子,上衣每件 [NUM] 元,一件上衣比一条裤子便宜 [NUM] 元。她付给售货员 [NUM] 元,一件上衣的价格与一条裤子的价格的比是多少？",一件上衣的价格与一条裤子的价格的比是多少？,79.5 5.38 200,n0 + n1,84.88,
"丽丽有6本科技书,她的故事书的本数比科技书的2倍多一些,3倍少一些,丽丽最少有故事书多少本？","丽丽有 [NUM] 本科技书,她的故事书的本数比科技书的 [NUM] 倍多一些, [NUM] 倍少一些,丽丽最少有故事书多少本？",丽丽最少有故事书多少本？,6 2 3,( n0 * n2 ) - x1,17.0,1
一辆凤凰牌自行车是420元，一辆永久牌自行车是405元，各买8辆，买凤凰牌自行车一共花了多少钱？,一辆凤凰牌自行车是 [NUM] 元，一辆永久牌自行车是 [NUM] 元，各买 [NUM] 辆，买凤凰牌自行车一共花了多少钱？,买凤凰牌自行车一共花了多少钱？,420 405 8,n0 / n1,1.037,
一辆凤凰牌自行车是420元，一辆永久牌自行车是405元，各买8辆，每辆凤凰牌自行车比永久牌自行车贵多少钱？,一辆凤凰牌自行车是 [NUM] 元，一辆永久牌自行车是 [NUM] 元，各买 [NUM] 辆，每辆凤凰牌自行车比永久牌自行车贵多少钱？,每辆凤凰牌自行车比永久牌自行车贵多少钱？,420 405 8,n0 / n1,1.037,
一辆凤凰牌自行车是420元，一辆永久牌自行车是405元，各买8辆，买永久牌自行车一共花了多少钱？,一辆凤凰牌自行车是 [NUM] 元，一辆永久牌自行车是 [NUM] 元，各买 [NUM] 辆，买永久牌自行车一共花了多少钱？,买永久牌自行车一共花了多少钱？,420 405 8,n0 / n1,1.037,
一辆凤凰牌自行车是420元，一辆永久牌自行车是405元，各买8辆，一共用多少钱？,一辆凤凰牌自行车是 [NUM] 元，一辆永久牌自行车是 [NUM] 元，各买 [NUM] 辆，一共用多少钱？,一共用多少钱？,420 405 8,n0 / n1,1.037,
李华把8000元钱存入银行，定期5年，年利率4.14%，到期时李华可获得多少元的利息？,李华把 [NUM] 元钱存入银行，定期 [NUM] 年，年利率 [NUM] ，到期时李华可获得多少元的利息？,到期时李华可获得多少元的利息？,8000 5 0.0414,n0 * n2,331.2,
李华把8000元钱存入银行，定期5年，年利率4.14%，到期时李华可取回本金和利息共多少元？,李华把 [NUM] 元钱存入银行，定期 [NUM] 年，年利率 [NUM] ，到期时李华可取回本金和利息共多少元？,到期时李华可取回本金和利息共多少元？,8000 5 0.0414,n0 * n2,331.2,
一个正方形的院子，每边长6米，面积是多少平方米？,一个正方形的院子，每边长 [NUM] 米，面积是多少平方米？,面积是多少平方米？,6,n0 / n0,1.0,
一辆汽车的油箱从里面量，长6分米，宽5分米，高3分米．如果每升汽油重0.72千克，油箱长比宽多多少分米？,一辆汽车的油箱从里面量，长 [NUM] 分米，宽 [NUM] 分米，高 [NUM] 分米．如果每升汽油重 [NUM] 千克，油箱长比宽多多少分米？,油箱长比宽多多少分米？,6 5 3 0.72,( n0 * n1 ) * n2,90.0,
一辆汽车的油箱从里面量，长6分米，宽5分米，高3分米．如果每升汽油重0.72千克，油箱长是宽的几倍？,一辆汽车的油箱从里面量，长 [NUM] 分米，宽 [NUM] 分米，高 [NUM] 分米．如果每升汽油重 [NUM] 千克，油箱长是宽的几倍？,油箱长是宽的几倍？,6 5 3 0.72,( n0 * n1 ) * n2,90.0,
一辆汽车的油箱从里面量，长6分米，宽5分米，高3分米．如果每升汽油重0.72千克，油箱长比高多多少分米？,一辆汽车的油箱从里面量，长 [NUM] 分米，宽 [NUM] 分米，高 [NUM] 分米．如果每升汽油重 [NUM] 千克，油箱长比高多多少分米？,油箱长比高多多少分米？,6 5 3 0.72,( n0 * n1 ) * n2,90.0,
一辆汽车的油箱从里面量，长6分米，宽5分米，高3分米．如果每升汽油重0.72千克，油箱长是高的几倍？,一辆汽车的油箱从里面量，长 [NUM] 分米，宽 [NUM] 分米，高 [NUM] 分米．如果每升汽油重 [NUM] 千克，油箱长是高的几倍？,油箱长是高的几倍？,6 5 3 0.72,( n0 * n1 ) * n2,90.0,
一辆汽车的油箱从里面量，长6分米，宽5分米，高3分米．如果每升汽油重0.72千克，这个油箱最多能装汽油多少千克？,一辆汽车的油箱从里面量，长 [NUM] 分米，宽 [NUM] 分米，高 [NUM] 分米．如果每升汽油重 [NUM] 千克，这个油箱最多能装汽油多少千克？,这个油箱最多能装汽油多少千克？,6 5 3 0.72,( n0 * n1 ) * n2,90.0,
甲、乙两站间的铁路长198千米，一列货车和一列客车同时从两站相向而行，货车每小时行驶55千米，客车的速度是货车的1.5倍．客车每小时行驶多少千米？,甲、乙两站间的铁路长 [NUM] 千米，一列货车和一列客车同时从两站相向而行，货车每小时行驶 [NUM] 千米，客车的速度是货车的 [NUM] 倍．客车每小时行驶多少千米？,客车每小时行驶多少千米？,198 55 1.5,n0 / n1,3.6,
甲、乙两站间的铁路长198千米，一列货车和一列客车同时从两站相向而行，货车每小时行驶55千米，客车的速度是货车的1.5倍．货车的速度和客车的速度的和是多少千米每小时？,甲、乙两站间的铁路长 [NUM] 千米，一列货车和一列客车同时从两站相向而行，货车每小时行驶 [NUM] 千米，客车的速度是货车的 [NUM] 倍．货车的速度和客车的速度的和是多少千米每小时？,货车的速度和客车的速度的和是多少千米每小时？,198 55 1.5,n0 / n1,3.6,
甲、乙两站间的铁路长198千米，一列货车和一列客车同时从两站相向而行，货车每小时行驶55千米，客车的速度是货车的1.5倍．经过几小时两车相遇？,甲、乙两站间的铁路长 [NUM] 千米，一列货车和一列客车同时从两站相向而行，货车每小时行驶 [NUM] 千米，客车的速度是货车的 [NUM] 倍．经过几小时两车相遇？,经过几小时两车相遇？,198 55 1.5,n0 / n1,3.6,
甲、乙两站间的铁路长198千米，一列货车和一列客车同时从两站相向而行，货车每小时行驶55千米，客车的速度是货车的1.5倍．客车开完两站所需的时间是多少小时？,甲、乙两站间的铁路长 [NUM] 千米，一列货车和一列客车同时从两站相向而行，货车每小时行驶 [NUM] 千米，客车的速度是货车的 [NUM] 倍．客车开完两站所需的时间是多少小时？,客车开完两站所需的时间是多少小时？,198 55 1.5,n0 / n1,3.6,
文具店里钢笔原来每枝的售价是7.50元，庆“六一”活动中，钢笔的售价是7.00元，原来售价与活动售价的比是多少？,文具店里钢笔原来每枝的售价是 [NUM] 元，庆“六一”活动中，钢笔的售价是 [NUM] 元，原来售价与活动售价的比是多少？,原来售价与活动售价的比是多少？,7.5 7.0,n0 - n1,0.5,
文具店里钢笔原来每枝的售价是7.50元，庆“六一”活动中，钢笔的售价是7.00元，活动售价与原来售价的比是多少？,文具店里钢笔原来每枝的售价是 [NUM] 元，庆“六一”活动中，钢笔的售价是 [NUM] 元，活动售价与原来售价的比是多少？,活动售价与原来售价的比是多少？,7.5 7.0,n0 - n1,0.5,
成章小学的240名同学在“消防日”去消防大队学习消防知识。同学们平均分成6队，每队分成4组进行学习体验。平均每队有多少名同学？,成章小学的 [NUM] 名同学在“消防日”去消防大队学习消防知识。同学们平均分成 [NUM] 队，每队分成 [NUM] 组进行学习体验。平均每队有多少名同学？,平均每队有多少名同学？,240 6 4,n1 * n2,24.0,
成章小学的240名同学在“消防日”去消防大队学习消防知识。同学们平均分成6队，每队分成4组进行学习体验。平均每组有多少名同学？,成章小学的 [NUM] 名同学在“消防日”去消防大队学习消防知识。同学们平均分成 [NUM] 队，每队分成 [NUM] 组进行学习体验。平均每组有多少名同学？,平均每组有多少名同学？,240 6 4,n1 * n2,24.0,
修路队第一天修路58.5米，第二天修的比第一天修的2倍多8.15米，修路队第二天修路多少米？,修路队第一天修路 [NUM] 米，第二天修的比第一天修的 [NUM] 倍多 [NUM] 米，修路队第二天修路多少米？,修路队第二天修路多少米？,58.5 2 8.15,( n0 + ( n0 * n1 ) ) + n2,183.65,
修路队第一天修路58.5米，第二天修的比第一天修的2倍多8.15米，第二天修的比第一天修的多多少米？,修路队第一天修路 [NUM] 米，第二天修的比第一天修的 [NUM] 倍多 [NUM] 米，第二天修的比第一天修的多多少米？,第二天修的比第一天修的多多少米？,58.5 2 8.15,( n0 + ( n0 * n1 ) ) + n2,183.65,
一个平行四边形果园，底30米，高20米，如果每8平方米栽一棵果树，这个果园的底比高长多少米？,一个平行四边形果园，底 [NUM] 米，高 [NUM] 米，如果每 [NUM] 平方米栽一棵果树，这个果园的底比高长多少米？,这个果园的底比高长多少米？,30 20 8,( n0 * n1 ) / n2,75.0,
一个平行四边形果园，底30米，高20米，如果每8平方米栽一棵果树，这个果园的面积是多少平方米？,一个平行四边形果园，底 [NUM] 米，高 [NUM] 米，如果每 [NUM] 平方米栽一棵果树，这个果园的面积是多少平方米？,这个果园的面积是多少平方米？,30 20 8,( n0 * n1 ) / n2,75.0,
小明买了6个相同的篮球，付给营业员600元，找回54元．找回的钱还能买多少个篮球？,小明买了 [NUM] 个相同的篮球，付给营业员 [NUM] 元，找回 [NUM] 元．找回的钱还能买多少个篮球？,找回的钱还能买多少个篮球？,6 600 54,n1 - n2,546.0,
小明买了6个相同的篮球，付给营业员600元，找回54元．每个篮球多少元？,小明买了 [NUM] 个相同的篮球，付给营业员 [NUM] 元，找回 [NUM] 元．每个篮球多少元？,每个篮球多少元？,6 600 54,n1 - n2,546.0,
菜市场运来1.6吨黄瓜，运来的土豆是黄瓜的2.2倍，而运来的番茄又是土豆的1.5倍，菜市场运来番茄多少吨？,菜市场运来 [NUM] 吨黄瓜，运来的土豆是黄瓜的 [NUM] 倍，而运来的番茄又是土豆的 [NUM] 倍，菜市场运来番茄多少吨？,菜市场运来番茄多少吨？,1.6 2.2 1.5,n0 * n1,3.52,
菜市场运来1.6吨黄瓜，运来的土豆是黄瓜的2.2倍，而运来的番茄又是土豆的1.5倍，运来的土豆比黄瓜多多少吨？,菜市场运来 [NUM] 吨黄瓜，运来的土豆是黄瓜的 [NUM] 倍，而运来的番茄又是土豆的 [NUM] 倍，运来的土豆比黄瓜多多少吨？,运来的土豆比黄瓜多多少吨？,1.6 2.2 1.5,n0 * n1,3.52,
学校组织学生去植树，共去了540人，要分成5个植树点，每个植树点分成9组。共有几个植树点？,学校组织学生去植树，共去了 [NUM] 人，要分成 [NUM] 个植树点，每个植树点分成 [NUM] 组。共有几个植树点？,共有几个植树点？,540 5 9,n0 / n1,108.0,
学校组织学生去植树，共去了540人，要分成5个植树点，每个植树点分成9组。请计算一下平均每组有多少人。,学校组织学生去植树，共去了 [NUM] 人，要分成 [NUM] 个植树点，每个植树点分成 [NUM] 组。请计算一下平均每组有多少人。,请计算一下平均每组有多少人。,540 5 9,n0 / n1,108.0,
某饭店除了要按营业额的5%缴纳营业税以外，还要按营业税的7%缴纳城市维护建设税，如果该家饭店平均每个月的营业额是21万元，要按营业额的多少缴纳城市维护建设税？,某饭店除了要按营业额的 [NUM] 缴纳营业税以外，还要按营业税的 [NUM] 缴纳城市维护建设税，如果该家饭店平均每个月的营业额是 [NUM] 万元，要按营业额的多少缴纳城市维护建设税？,要按营业额的多少缴纳城市维护建设税？,0.05 0.07 21,n2 * n0,1.05,
某饭店除了要按营业额的5%缴纳营业税以外，还要按营业税的7%缴纳城市维护建设税，如果该家饭店平均每个月的营业额是21万元，需要缴纳城市维护建设税多少万元？,某饭店除了要按营业额的 [NUM] 缴纳营业税以外，还要按营业税的 [NUM] 缴纳城市维护建设税，如果该家饭店平均每个月的营业额是 [NUM] 万元，需要缴纳城市维护建设税多少万元？,需要缴纳城市维护建设税多少万元？,0.05 0.07 21,n2 * n0,1.05,
某饭店除了要按营业额的5%缴纳营业税以外，还要按营业税的7%缴纳城市维护建设税，如果该家饭店平均每个月的营业额是21万元，那么每个月应缴纳这两种税共多少万元？,某饭店除了要按营业额的 [NUM] 缴纳营业税以外，还要按营业税的 [NUM] 缴纳城市维护建设税，如果该家饭店平均每个月的营业额是 [NUM] 万元，那么每个月应缴纳这两种税共多少万元？,那么每个月应缴纳这两种税共多少万元？,0.05 0.07 21,n2 * n0,1.05,
妈妈一分钟打130个字，爸爸一分钟打65个字，爸爸和妈妈同时开始各打一份稿件。妈妈打的稿件有780个字，爸爸打的稿件有390个字。爸爸6分钟打完。妈妈一分钟比爸爸多打多少个字？,妈妈一分钟打 [NUM] 个字，爸爸一分钟打 [NUM] 个字，爸爸和妈妈同时开始各打一份稿件。妈妈打的稿件有 [NUM] 个字，爸爸打的稿件有 [NUM] 个字。爸爸 [NUM] 分钟打完。妈妈一分钟比爸爸多打多少个字？,妈妈一分钟比爸爸多打多少个字？,130 65 780 390 6,n2 / n0,6.0,
妈妈一分钟打130个字，爸爸一分钟打65个字，爸爸和妈妈同时开始各打一份稿件。妈妈打的稿件有780个字，爸爸打的稿件有390个字。爸爸6分钟打完。妈妈一分钟打的字数是爸爸的多少倍？,妈妈一分钟打 [NUM] 个字，爸爸一分钟打 [NUM] 个字，爸爸和妈妈同时开始各打一份稿件。妈妈打的稿件有 [NUM] 个字，爸爸打的稿件有 [NUM] 个字。爸爸 [NUM] 分钟打完。妈妈一分钟打的字数是爸爸的多少倍？,妈妈一分钟打的字数是爸爸的多少倍？,130 65 780 390 6,n2 / n0,6.0,
妈妈一分钟打130个字，爸爸一分钟打65个字，爸爸和妈妈同时开始各打一份稿件。妈妈打的稿件有780个字，爸爸打的稿件有390个字。爸爸6分钟打完。妈妈打的稿件比爸爸的多多少个字？,妈妈一分钟打 [NUM] 个字，爸爸一分钟打 [NUM] 个字，爸爸和妈妈同时开始各打一份稿件。妈妈打的稿件有 [NUM] 个字，爸爸打的稿件有 [NUM] 个字。爸爸 [NUM] 分钟打完。妈妈打的稿件比爸爸的多多少个字？,妈妈打的稿件比爸爸的多多少个字？,130 65 780 390 6,n2 / n0,6.0,
妈妈一分钟打130个字，爸爸一分钟打65个字，爸爸和妈妈同时开始各打一份稿件。妈妈打的稿件有780个字，爸爸打的稿件有390个字。爸爸6分钟打完。妈妈打的稿件字数是爸爸的多少倍？,妈妈一分钟打 [NUM] 个字，爸爸一分钟打 [NUM] 个字，爸爸和妈妈同时开始各打一份稿件。妈妈打的稿件有 [NUM] 个字，爸爸打的稿件有 [NUM] 个字。爸爸 [NUM] 分钟打完。妈妈打的稿件字数是爸爸的多少倍？,妈妈打的稿件字数是爸爸的多少倍？,130 65 780 390 6,n2 / n0,6.0,
淘气的房间面积是12.6平方米，用边长0.6米的正方形瓷砖铺地，至少需要多少块瓷砖？,淘气的房间面积是 [NUM] 平方米，用边长 [NUM] 米的正方形瓷砖铺地，至少需要多少块瓷砖？,至少需要多少块瓷砖？,12.6 0.6,n1 * n1,0.36,
买18个篮球共花去414元钱，用这些钱可以买46根跳绳．每个篮球多少元？,买 [NUM] 个篮球共花去 [NUM] 元钱，用这些钱可以买 [NUM] 根跳绳．每个篮球多少元？,每个篮球多少元？,18 414 46,n1 / n2,9.0,
买18个篮球共花去414元钱，用这些钱可以买46根跳绳．问一根跳绳比一个篮球便宜多少元钱？,买 [NUM] 个篮球共花去 [NUM] 元钱，用这些钱可以买 [NUM] 根跳绳．问一根跳绳比一个篮球便宜多少元钱？,问一根跳绳比一个篮球便宜多少元钱？,18 414 46,n1 / n2,9.0,
小华:“我有36张邮票”。小林:“我的邮票比小华少7张。” 小军:“我的邮票比小华的3倍多6张。”小林有多少张邮票？,小华:“我有 [NUM] 张邮票”。小林:“我的邮票比小华少 [NUM] 张。” 小军:“我的邮票比小华的 [NUM] 倍多 [NUM] 张。”小林有多少张邮票？,小林有多少张邮票？,36 7 3 6,( n0 * n2 ) + n3,114.0,
小华:“我有36张邮票”。小林:“我的邮票比小华少7张。” 小军:“我的邮票比小华的3倍多6张。”小林和小华共有多少邮票？,小华:“我有 [NUM] 张邮票”。小林:“我的邮票比小华少 [NUM] 张。” 小军:“我的邮票比小华的 [NUM] 倍多 [NUM] 张。”小林和小华共有多少邮票？,小林和小华共有多少邮票？,36 7 3 6,( n0 * n2 ) + n3,114.0,
小华:“我有36张邮票”。小林:“我的邮票比小华少7张。” 小军:“我的邮票比小华的3倍多6张。”小军的邮票比小华的邮票多多少张？?,小华:“我有 [NUM] 张邮票”。小林:“我的邮票比小华少 [NUM] 张。” 小军:“我的邮票比小华的 [NUM] 倍多 [NUM] 张。”小军的邮票比小华的邮票多多少张？?,小军的邮票比小华的邮票多多少张？?,36 7 3 6,( n0 * n2 ) + n3,114.0,
小华:“我有36张邮票”。小林:“我的邮票比小华少7张。” 小军:“我的邮票比小华的3倍多6张。”小军和小华共有多少张邮票?,小华:“我有 [NUM] 张邮票”。小林:“我的邮票比小华少 [NUM] 张。” 小军:“我的邮票比小华的 [NUM] 倍多 [NUM] 张。”小军和小华共有多少张邮票?,小军和小华共有多少张邮票?,36 7 3 6,( n0 * n2 ) + n3,114.0,
小华:“我有36张邮票”。小林:“我的邮票比小华少7张。” 小军:“我的邮票比小华的3倍多6张。”小军的邮票比小林的邮票多多少张?,小华:“我有 [NUM] 张邮票”。小林:“我的邮票比小华少 [NUM] 张。” 小军:“我的邮票比小华的 [NUM] 倍多 [NUM] 张。”小军的邮票比小林的邮票多多少张?,小军的邮票比小林的邮票多多少张?,36 7 3 6,( n0 * n2 ) + n3,114.0,
小华:“我有36张邮票”。小林:“我的邮票比小华少7张。” 小军:“我的邮票比小华的3倍多6张。”小军和小林共有多少张邮票?,小华:“我有 [NUM] 张邮票”。小林:“我的邮票比小华少 [NUM] 张。” 小军:“我的邮票比小华的 [NUM] 倍多 [NUM] 张。”小军和小林共有多少张邮票?,小军和小林共有多少张邮票?,36 7 3 6,( n0 * n2 ) + n3,114.0,
小华:“我有36张邮票”。小林:“我的邮票比小华少7张。” 小军:“我的邮票比小华的3倍多6张。”小华、小军和小林共有多少张邮票?,小华:“我有 [NUM] 张邮票”。小林:“我的邮票比小华少 [NUM] 张。” 小军:“我的邮票比小华的 [NUM] 倍多 [NUM] 张。”小华、小军和小林共有多少张邮票?,小华、小军和小林共有多少张邮票?,36 7 3 6,( n0 * n2 ) + n3,114.0,
小明家有一块韭莱地，长5米，宽3米，平均每平方米收韭莱6千克．这块韭菜地的面积是多少平方米？,小明家有一块韭莱地，长 [NUM] 米，宽 [NUM] 米，平均每平方米收韭莱 [NUM] 千克．这块韭菜地的面积是多少平方米？,这块韭菜地的面积是多少平方米？,5 3 6,n0 - n1,2.0,
小明家有一块韭莱地，长5米，宽3米，平均每平方米收韭莱6千克．长与宽的比是多少？,小明家有一块韭莱地，长 [NUM] 米，宽 [NUM] 米，平均每平方米收韭莱 [NUM] 千克．长与宽的比是多少？,长与宽的比是多少？,5 3 6,n0 - n1,2.0,
小明家有一块韭莱地，长5米，宽3米，平均每平方米收韭莱6千克．这块地一共可以收韭菜多少千克？,小明家有一块韭莱地，长 [NUM] 米，宽 [NUM] 米，平均每平方米收韭莱 [NUM] 千克．这块地一共可以收韭菜多少千克？,这块地一共可以收韭菜多少千克？,5 3 6,n0 - n1,2.0,
小明家有一块韭莱地，长5米，宽3米，平均每平方米收韭莱6千克．这块韭菜地的周长是多少米？,小明家有一块韭莱地，长 [NUM] 米，宽 [NUM] 米，平均每平方米收韭莱 [NUM] 千克．这块韭菜地的周长是多少米？,这块韭菜地的周长是多少米？,5 3 6,n0 - n1,2.0,
红星小学操场的长是70米，宽比长短15米．亮亮绕着操场跑了2圈，宽是多少米？,红星小学操场的长是 [NUM] 米，宽比长短 [NUM] 米．亮亮绕着操场跑了 [NUM] 圈，宽是多少米？,宽是多少米？,70 15 2,( ( n0 - n1 ) + n0 ) * n2,250.0,
红星小学操场的长是70米，宽比长短15米．亮亮绕着操场跑了2圈，长加宽的和是多少米？,红星小学操场的长是 [NUM] 米，宽比长短 [NUM] 米．亮亮绕着操场跑了 [NUM] 圈，长加宽的和是多少米？,长加宽的和是多少米？,70 15 2,( ( n0 - n1 ) + n0 ) * n2,250.0,
红星小学操场的长是70米，宽比长短15米．亮亮绕着操场跑了2圈，他跑了多少米？,红星小学操场的长是 [NUM] 米，宽比长短 [NUM] 米．亮亮绕着操场跑了 [NUM] 圈，他跑了多少米？,他跑了多少米？,70 15 2,( ( n0 - n1 ) + n0 ) * n2,250.0,
红星小学操场的长是70米，宽比长短15米．亮亮绕着操场跑了2圈，这个操场的面积是多少平方米？,红星小学操场的长是 [NUM] 米，宽比长短 [NUM] 米．亮亮绕着操场跑了 [NUM] 圈，这个操场的面积是多少平方米？,这个操场的面积是多少平方米？,70 15 2,( ( n0 - n1 ) + n0 ) * n2,250.0,
红星小学操场的长是70米，宽比长短15米．亮亮绕着操场跑了2圈，宽与长的比是多少？,红星小学操场的长是 [NUM] 米，宽比长短 [NUM] 米．亮亮绕着操场跑了 [NUM] 圈，宽与长的比是多少？,宽与长的比是多少？,70 15 2,( ( n0 - n1 ) + n0 ) * n2,250.0,
学校操场原来长80米，宽40米，在后来改建校舍的时候，把长增加了10米，宽增加了15米，学校操场现在长多少米？,学校操场原来长 [NUM] 米，宽 [NUM] 米，在后来改建校舍的时候，把长增加了 [NUM] 米，宽增加了 [NUM] 米，学校操场现在长多少米？,学校操场现在长多少米？,80 40 10 15,n0 * n1,3200.0,
学校操场原来长80米，宽40米，在后来改建校舍的时候，把长增加了10米，宽增加了15米，原来操场的长比宽多多少米？,学校操场原来长 [NUM] 米，宽 [NUM] 米，在后来改建校舍的时候，把长增加了 [NUM] 米，宽增加了 [NUM] 米，原来操场的长比宽多多少米？,原来操场的长比宽多多少米？,80 40 10 15,n0 * n1,3200.0,
学校操场原来长80米，宽40米，在后来改建校舍的时候，把长增加了10米，宽增加了15米，原来操场的长是宽的多少倍？,学校操场原来长 [NUM] 米，宽 [NUM] 米，在后来改建校舍的时候，把长增加了 [NUM] 米，宽增加了 [NUM] 米，原来操场的长是宽的多少倍？,原来操场的长是宽的多少倍？,80 40 10 15,n0 * n1,3200.0,
学校操场原来长80米，宽40米，在后来改建校舍的时候，把长增加了10米，宽增加了15米，学校操场现在宽多少米？,学校操场原来长 [NUM] 米，宽 [NUM] 米，在后来改建校舍的时候，把长增加了 [NUM] 米，宽增加了 [NUM] 米，学校操场现在宽多少米？,学校操场现在宽多少米？,80 40 10 15,n0 * n1,3200.0,
学校操场原来长80米，宽40米，在后来改建校舍的时候，把长增加了10米，宽增加了15米，现在操场的面积是多少平方米？,学校操场原来长 [NUM] 米，宽 [NUM] 米，在后来改建校舍的时候，把长增加了 [NUM] 米，宽增加了 [NUM] 米，现在操场的面积是多少平方米？,现在操场的面积是多少平方米？,80 40 10 15,n0 * n1,3200.0,
学校操场原来长80米，宽40米，在后来改建校舍的时候，把长增加了10米，宽增加了15米，现在操场面积比原来增加了多少平方米？,学校操场原来长 [NUM] 米，宽 [NUM] 米，在后来改建校舍的时候，把长增加了 [NUM] 米，宽增加了 [NUM] 米，现在操场面积比原来增加了多少平方米？,现在操场面积比原来增加了多少平方米？,80 40 10 15,n0 * n1,3200.0,
从甲市开往乙市的火车上有乘客968人，到某站下车259人，上车276人，某站乘客下车后，火车上还剩多少人？,从甲市开往乙市的火车上有乘客 [NUM] 人，到某站下车 [NUM] 人，上车 [NUM] 人，某站乘客下车后，火车上还剩多少人？,某站乘客下车后，火车上还剩多少人？,968 259 276,( n0 - n1 ) + n2,985.0,
从甲市开往乙市的火车上有乘客968人，到某站下车259人，上车276人，某站上车人数比下车人数多多少？,从甲市开往乙市的火车上有乘客 [NUM] 人，到某站下车 [NUM] 人，上车 [NUM] 人，某站上车人数比下车人数多多少？,某站上车人数比下车人数多多少？,968 259 276,( n0 - n1 ) + n2,985.0,
实验小学为灾区捐款。二年级捐款306元，三年级的捐款是二年级的3倍，二、三年级一共捐款多少元？,实验小学为灾区捐款。二年级捐款 [NUM] 元，三年级的捐款是二年级的 [NUM] 倍，二、三年级一共捐款多少元？,二、三年级一共捐款多少元？,306 3,n0 * n1,918.0,
实验小学为灾区捐款。二年级捐款306元，三年级的捐款是二年级的3倍，三年级的捐款比二年级多多少元？,实验小学为灾区捐款。二年级捐款 [NUM] 元，三年级的捐款是二年级的 [NUM] 倍，三年级的捐款比二年级多多少元？,三年级的捐款比二年级多多少元？,306 3,n0 * n1,918.0,
实验小学为灾区捐款。二年级捐款306元，三年级的捐款是二年级的3倍，三年级的捐款是二年级多少倍？,实验小学为灾区捐款。二年级捐款 [NUM] 元，三年级的捐款是二年级的 [NUM] 倍，三年级的捐款是二年级多少倍？,三年级的捐款是二年级多少倍？,306 3,n0 * n1,918.0,
"9元钱能买2千克苹果或5千克梨。照这样计算,每千克梨多少元钱？"," [NUM] 元钱能买 [NUM] 千克苹果或 [NUM] 千克梨。照这样计算,每千克梨多少元钱？",每千克梨多少元钱？,9 2 5,n0 / n1,4.5,
"9元钱能买2千克苹果或5千克梨。照这样计算,同样的钱能买的梨的重量比苹果重多少千克？"," [NUM] 元钱能买 [NUM] 千克苹果或 [NUM] 千克梨。照这样计算,同样的钱能买的梨的重量比苹果重多少千克？",同样的钱能买的梨的重量比苹果重多少千克？,9 2 5,n0 / n1,4.5,
某单位为了节约环保，更换了一批新车，经测算，5辆小汽车8天共节约汽油50.4升，5辆小汽车每天共节约汽油多少升？,某单位为了节约环保，更换了一批新车，经测算， [NUM] 辆小汽车 [NUM] 天共节约汽油 [NUM] 升， [NUM] 辆小汽车每天共节约汽油多少升？, [NUM] 辆小汽车每天共节约汽油多少升？,5 8 50.4 5,n2 / n0,10.08,
班级图书角上星期有故事书64本，这星期借出38本，还回17本．这星期借出的故事书是还回的多少倍？,班级图书角上星期有故事书 [NUM] 本，这星期借出 [NUM] 本，还回 [NUM] 本．这星期借出的故事书是还回的多少倍？,这星期借出的故事书是还回的多少倍？,64 38 17,n1 - n2,21.0,
班级图书角上星期有故事书64本，这星期借出38本，还回17本．现在班级图书角有故事书多少本？,班级图书角上星期有故事书 [NUM] 本，这星期借出 [NUM] 本，还回 [NUM] 本．现在班级图书角有故事书多少本？,现在班级图书角有故事书多少本？,64 38 17,n1 - n2,21.0,
一块长方形地，长85米，宽16.8米，如果把这块地的宽扩大到原来的1.5倍，现在的宽是多少米？,一块长方形地，长 [NUM] 米，宽 [NUM] 米，如果把这块地的宽扩大到原来的 [NUM] 倍，现在的宽是多少米？,现在的宽是多少米？,85 16.8 1.5,n0 * n1,1428.0,
一块长方形地，长85米，宽16.8米，如果把这块地的宽扩大到原来的1.5倍，现在的面积是多少平方米？,一块长方形地，长 [NUM] 米，宽 [NUM] 米，如果把这块地的宽扩大到原来的 [NUM] 倍，现在的面积是多少平方米？,现在的面积是多少平方米？,85 16.8 1.5,n0 * n1,1428.0,
一只老虎重336千克，一只熊猫重84千克，一只老虎和一只熊猫共重多少千克？,一只老虎重 [NUM] 千克，一只熊猫重 [NUM] 千克，一只老虎和一只熊猫共重多少千克？,一只老虎和一只熊猫共重多少千克？,336 84,n0 / n1,4.0,
一只老虎重336千克，一只熊猫重84千克，一只老虎比一只熊猫重多少千克？,一只老虎重 [NUM] 千克，一只熊猫重 [NUM] 千克，一只老虎比一只熊猫重多少千克？,一只老虎比一只熊猫重多少千克？,336 84,n0 / n1,4.0,
王老师带一些钱去买玩具，每辆玩具车12元，可以买15辆，后来他用这些钱买了6辆坦克，王老师总共带了多少元钱？,王老师带一些钱去买玩具，每辆玩具车 [NUM] 元，可以买 [NUM] 辆，后来他用这些钱买了 [NUM] 辆坦克，王老师总共带了多少元钱？,王老师总共带了多少元钱？,12 15 6,n2 / n1,0.4,
王老师带一些钱去买玩具，每辆玩具车12元，可以买15辆，后来他用这些钱买了6辆坦克，王老师带的钱可以买的玩具车比坦克多多少辆？,王老师带一些钱去买玩具，每辆玩具车 [NUM] 元，可以买 [NUM] 辆，后来他用这些钱买了 [NUM] 辆坦克，王老师带的钱可以买的玩具车比坦克多多少辆？,王老师带的钱可以买的玩具车比坦克多多少辆？,12 15 6,n2 / n1,0.4,
王老师带一些钱去买玩具，每辆玩具车12元，可以买15辆，后来他用这些钱买了6辆坦克，买玩具车的数量与买坦克数量的比是多少？,王老师带一些钱去买玩具，每辆玩具车 [NUM] 元，可以买 [NUM] 辆，后来他用这些钱买了 [NUM] 辆坦克，买玩具车的数量与买坦克数量的比是多少？,买玩具车的数量与买坦克数量的比是多少？,12 15 6,n2 / n1,0.4,
王老师带一些钱去买玩具，每辆玩具车12元，可以买15辆，后来他用这些钱买了6辆坦克，每辆坦克多少元？,王老师带一些钱去买玩具，每辆玩具车 [NUM] 元，可以买 [NUM] 辆，后来他用这些钱买了 [NUM] 辆坦克，每辆坦克多少元？,每辆坦克多少元？,12 15 6,n2 / n1,0.4,
王老师带一些钱去买玩具，每辆玩具车12元，可以买15辆，后来他用这些钱买了6辆坦克，每辆坦克比每辆汽车贵多少钱？,王老师带一些钱去买玩具，每辆玩具车 [NUM] 元，可以买 [NUM] 辆，后来他用这些钱买了 [NUM] 辆坦克，每辆坦克比每辆汽车贵多少钱？,每辆坦克比每辆汽车贵多少钱？,12 15 6,n2 / n1,0.4,
学校操场的长是35米，面积是840平方米，操场的宽是多少米？,学校操场的长是 [NUM] 米，面积是 [NUM] 平方米，操场的宽是多少米？,操场的宽是多少米？,35 840,n1 - ( n1 / n0 ),816.0,
学校操场的长是35米，面积是840平方米，操场的长和宽的比是多少？,学校操场的长是 [NUM] 米，面积是 [NUM] 平方米，操场的长和宽的比是多少？,操场的长和宽的比是多少？,35 840,n1 - ( n1 / n0 ),816.0,
学校操场的长是35米，面积是840平方米，操场的周长是多少米？,学校操场的长是 [NUM] 米，面积是 [NUM] 平方米，操场的周长是多少米？,操场的周长是多少米？,35 840,n1 - ( n1 / n0 ),816.0,
小林爸爸科研成果专利转让费收入20万元，按规定必须按20%缴纳个人所得税。小林爸爸实际得到转让费多少万元？,小林爸爸科研成果专利转让费收入 [NUM] 万元，按规定必须按 [NUM] 缴纳个人所得税。小林爸爸实际得到转让费多少万元？,小林爸爸实际得到转让费多少万元？,20 0.2,n0 * n1,4.0,
芳芳和妈妈去超市买了3盒牙膏和2袋洗衣粉，一共花了30.8元。一袋洗衣粉6.7元，买洗衣粉花了多少元？,芳芳和妈妈去超市买了 [NUM] 盒牙膏和 [NUM] 袋洗衣粉，一共花了 [NUM] 元。一袋洗衣粉 [NUM] 元，买洗衣粉花了多少元？,买洗衣粉花了多少元？,3 2 30.8 6.7,n2 - ( n3 * n1 ),17.4,
芳芳和妈妈去超市买了3盒牙膏和2袋洗衣粉，一共花了30.8元。一袋洗衣粉6.7元，一盒牙膏多少元？,芳芳和妈妈去超市买了 [NUM] 盒牙膏和 [NUM] 袋洗衣粉，一共花了 [NUM] 元。一袋洗衣粉 [NUM] 元，一盒牙膏多少元？,一盒牙膏多少元？,3 2 30.8 6.7,n2 - ( n3 * n1 ),17.4,
芳芳和妈妈去超市买了3盒牙膏和2袋洗衣粉，一共花了30.8元。一袋洗衣粉6.7元，买洗衣粉花的钱与买牙膏花的钱的比是多少？,芳芳和妈妈去超市买了 [NUM] 盒牙膏和 [NUM] 袋洗衣粉，一共花了 [NUM] 元。一袋洗衣粉 [NUM] 元，买洗衣粉花的钱与买牙膏花的钱的比是多少？,买洗衣粉花的钱与买牙膏花的钱的比是多少？,3 2 30.8 6.7,n2 - ( n3 * n1 ),17.4,
芳芳和妈妈去超市买了3盒牙膏和2袋洗衣粉，一共花了30.8元。一袋洗衣粉6.7元，一盒牙膏比一袋洗衣粉贵多少元？,芳芳和妈妈去超市买了 [NUM] 盒牙膏和 [NUM] 袋洗衣粉，一共花了 [NUM] 元。一袋洗衣粉 [NUM] 元，一盒牙膏比一袋洗衣粉贵多少元？,一盒牙膏比一袋洗衣粉贵多少元？,3 2 30.8 6.7,n2 - ( n3 * n1 ),17.4,
芳芳和妈妈去超市买了3盒牙膏和2袋洗衣粉，一共花了30.8元。一袋洗衣粉6.7元，一盒牙膏和一袋洗衣粉需要多少元？,芳芳和妈妈去超市买了 [NUM] 盒牙膏和 [NUM] 袋洗衣粉，一共花了 [NUM] 元。一袋洗衣粉 [NUM] 元，一盒牙膏和一袋洗衣粉需要多少元？,一盒牙膏和一袋洗衣粉需要多少元？,3 2 30.8 6.7,n2 - ( n3 * n1 ),17.4,
“鲜又鲜”超市进了一批苹果，卖出25%后还剩下135千克。还剩百分之多少没有卖出？,“鲜又鲜”超市进了一批苹果，卖出 [NUM] 后还剩下 [NUM] 千克。还剩百分之多少没有卖出？,还剩百分之多少没有卖出？,0.25 135,n1 / ( x1 - n0 ),180.0,1
“鲜又鲜”超市进了一批苹果，卖出25%后还剩下135千克。这批苹果卖出了多少千克？,“鲜又鲜”超市进了一批苹果，卖出 [NUM] 后还剩下 [NUM] 千克。这批苹果卖出了多少千克？,这批苹果卖出了多少千克？,0.25 135,n1 / ( x1 - n0 ),180.0,1
甲工程队每天修30米，乙工程队每天修25米，两个工程队一起修了10天，两个工程队一起每天修多少米？,甲工程队每天修 [NUM] 米，乙工程队每天修 [NUM] 米，两个工程队一起修了 [NUM] 天，两个工程队一起每天修多少米？,两个工程队一起每天修多少米？,30 25 10,n1 / n0,0.8333,
甲工程队每天修30米，乙工程队每天修25米，两个工程队一起修了10天，甲工程队比乙工程队每天多修多少米？,甲工程队每天修 [NUM] 米，乙工程队每天修 [NUM] 米，两个工程队一起修了 [NUM] 天，甲工程队比乙工程队每天多修多少米？,甲工程队比乙工程队每天多修多少米？,30 25 10,n1 / n0,0.8333,
甲工程队每天修30米，乙工程队每天修25米，两个工程队一起修了10天，甲工程队每天修的是乙工程队的几倍？,甲工程队每天修 [NUM] 米，乙工程队每天修 [NUM] 米，两个工程队一起修了 [NUM] 天，甲工程队每天修的是乙工程队的几倍？,甲工程队每天修的是乙工程队的几倍？,30 25 10,n1 / n0,0.8333,
甲工程队每天修30米，乙工程队每天修25米，两个工程队一起修了10天，甲工程队一共修了多少米？,甲工程队每天修 [NUM] 米，乙工程队每天修 [NUM] 米，两个工程队一起修了 [NUM] 天，甲工程队一共修了多少米？,甲工程队一共修了多少米？,30 25 10,n1 / n0,0.8333,
甲工程队每天修30米，乙工程队每天修25米，两个工程队一起修了10天，乙工程队一共修了多少米？,甲工程队每天修 [NUM] 米，乙工程队每天修 [NUM] 米，两个工程队一起修了 [NUM] 天，乙工程队一共修了多少米？,乙工程队一共修了多少米？,30 25 10,n1 / n0,0.8333,
甲工程队每天修30米，乙工程队每天修25米，两个工程队一起修了10天，共修了多少米？,甲工程队每天修 [NUM] 米，乙工程队每天修 [NUM] 米，两个工程队一起修了 [NUM] 天，共修了多少米？,共修了多少米？,30 25 10,n1 / n0,0.8333,
希望小学共有学生898人，其中女生有400人，男生比女生多多少人？,希望小学共有学生 [NUM] 人，其中女生有 [NUM] 人，男生比女生多多少人？,男生比女生多多少人？,898 400,n0 - n1,498.0,
希望小学共有学生898人，其中女生有400人，男生人数是女生的多少倍？,希望小学共有学生 [NUM] 人，其中女生有 [NUM] 人，男生人数是女生的多少倍？,男生人数是女生的多少倍？,898 400,n0 - n1,498.0,
张明用了50000元钱买国债，定期1年，年利率是4.32%，到期时能获得利息多少元？,张明用了 [NUM] 元钱买国债，定期 [NUM] 年，年利率是 [NUM] ，到期时能获得利息多少元？,到期时能获得利息多少元？,50000 1 0.0432,n0 * n2,2160.0,
张明用了50000元钱买国债，定期1年，年利率是4.32%，到期时能获得本金和利息多少元？,张明用了 [NUM] 元钱买国债，定期 [NUM] 年，年利率是 [NUM] ，到期时能获得本金和利息多少元？,到期时能获得本金和利息多少元？,50000 1 0.0432,n0 * n2,2160.0,
冷饮店上午卖出了198瓶汽水，下午卖出了241瓶．下午比上午多卖出多少瓶汽水？,冷饮店上午卖出了 [NUM] 瓶汽水，下午卖出了 [NUM] 瓶．下午比上午多卖出多少瓶汽水？,下午比上午多卖出多少瓶汽水？,198 241,n0 + n1,439.0,
冷饮店上午卖出了198瓶汽水，下午卖出了241瓶．下午卖出的数量是上午卖出的几倍？,冷饮店上午卖出了 [NUM] 瓶汽水，下午卖出了 [NUM] 瓶．下午卖出的数量是上午卖出的几倍？,下午卖出的数量是上午卖出的几倍？,198 241,n0 + n1,439.0,
学校有一块长方形草坪，长是24米，宽是18米．这块草坪的周长是多少米？,学校有一块长方形草坪，长是 [NUM] 米，宽是 [NUM] 米．这块草坪的周长是多少米？,这块草坪的周长是多少米？,24 18,n0 * n1,432.0,
一本故事书共1000页，小明前5天共读了250页，照这样的速度，还剩多少页没读？,一本故事书共 [NUM] 页，小明前 [NUM] 天共读了 [NUM] 页，照这样的速度，还剩多少页没读？,还剩多少页没读？,1000 5 250,n2 / n1,50.0,
一本故事书共1000页，小明前5天共读了250页，照这样的速度，剩下的页数还需要多少天？,一本故事书共 [NUM] 页，小明前 [NUM] 天共读了 [NUM] 页，照这样的速度，剩下的页数还需要多少天？,剩下的页数还需要多少天？,1000 5 250,n2 / n1,50.0,
李老师买了2000元国家债券，定期3年，年利率是3.14%，到期时，她一共可取出多少元？,李老师买了 [NUM] 元国家债券，定期 [NUM] 年，年利率是 [NUM] ，到期时，她一共可取出多少元？,她一共可取出多少元？,2000 3 0.0314,( n0 * n2 ) * n1,188.4,
学校选购办公桌，每张办公桌180元，准备买30张，李老师带了5000元，学校需要多少元选购办公桌？,学校选购办公桌，每张办公桌 [NUM] 元，准备买 [NUM] 张，李老师带了 [NUM] 元，学校需要多少元选购办公桌？,学校需要多少元选购办公桌？,180 30 5000,n2 / n0,27.7778,
学校选购办公桌，每张办公桌180元，准备买30张，李老师带了5000元，还差多少钱？,学校选购办公桌，每张办公桌 [NUM] 元，准备买 [NUM] 张，李老师带了 [NUM] 元，还差多少钱？,还差多少钱？,180 30 5000,n2 / n0,27.7778,
学校定制了一批课桌椅，桌子每张350元，比每把椅子贵250元．每把椅子多少元？,学校定制了一批课桌椅，桌子每张 [NUM] 元，比每把椅子贵 [NUM] 元．每把椅子多少元？,每把椅子多少元？,350 250,n0 / ( n0 - n1 ),3.5,
春华和秋生骑摩托车同时从同一地点向相反方向行驶。0.5小时后相距47.5千米，春华每小时行驶42.5千米，秋生每小时行驶多少千米？,春华和秋生骑摩托车同时从同一地点向相反方向行驶。 [NUM] 小时后相距 [NUM] 千米，春华每小时行驶 [NUM] 千米，秋生每小时行驶多少千米？,秋生每小时行驶多少千米？,0.5 47.5 42.5,n1 / n0,95.0,
锦绣公司的4台编织机8.5小时编织了2227米彩绳，每台编织机8.5小时编织多少米彩绳？,锦绣公司的 [NUM] 台编织机 [NUM] 小时编织了 [NUM] 米彩绳，每台编织机 [NUM] 小时编织多少米彩绳？,每台编织机 [NUM] 小时编织多少米彩绳？,4 8.5 2227 8.5,n2 / n1,262.0,
"周日,豆豆去爬山，山脚到山顶全程有7.2千米，上山用了3.6小时，下山用了2.4小时，豆豆上下山一共用了多少个小时？","周日,豆豆去爬山，山脚到山顶全程有 [NUM] 千米，上山用了 [NUM] 小时，下山用了 [NUM] 小时，豆豆上下山一共用了多少个小时？",豆豆上下山一共用了多少个小时？,7.2 3.6 2.4,n1 - n2,1.2,
"周日,豆豆去爬山，山脚到山顶全程有7.2千米，上山用了3.6小时，下山用了2.4小时，上山的平均速度是每小时多少千米？","周日,豆豆去爬山，山脚到山顶全程有 [NUM] 千米，上山用了 [NUM] 小时，下山用了 [NUM] 小时，上山的平均速度是每小时多少千米？",上山的平均速度是每小时多少千米？,7.2 3.6 2.4,n1 - n2,1.2,
"周日,豆豆去爬山，山脚到山顶全程有7.2千米，上山用了3.6小时，下山用了2.4小时，下山的平均速度是每小时多少千米？","周日,豆豆去爬山，山脚到山顶全程有 [NUM] 千米，上山用了 [NUM] 小时，下山用了 [NUM] 小时，下山的平均速度是每小时多少千米？",下山的平均速度是每小时多少千米？,7.2 3.6 2.4,n1 - n2,1.2,
白沙花园有22栋高档住宅楼，每栋6层，每层5套．白沙花园一共有住房多少套？,白沙花园有 [NUM] 栋高档住宅楼，每栋 [NUM] 层，每层 [NUM] 套．白沙花园一共有住房多少套？,白沙花园一共有住房多少套？,22 6 5,n2 * n1,30.0,
王老师从家骑车到学校要用0.25小时，每小时行驶18千米，如果他改为步行，每小时走5千米，从家到学校的距离是多少千米？,王老师从家骑车到学校要用 [NUM] 小时，每小时行驶 [NUM] 千米，如果他改为步行，每小时走 [NUM] 千米，从家到学校的距离是多少千米？,从家到学校的距离是多少千米？,0.25 18 5,n1 - n2,13.0,
王老师从家骑车到学校要用0.25小时，每小时行驶18千米，如果他改为步行，每小时走5千米，骑车的速度是步行速度的多少倍？,王老师从家骑车到学校要用 [NUM] 小时，每小时行驶 [NUM] 千米，如果他改为步行，每小时走 [NUM] 千米，骑车的速度是步行速度的多少倍？,骑车的速度是步行速度的多少倍？,0.25 18 5,n1 - n2,13.0,
王老师从家骑车到学校要用0.25小时，每小时行驶18千米，如果他改为步行，每小时走5千米， 步行速度与骑车速度的比是多少？,王老师从家骑车到学校要用 [NUM] 小时，每小时行驶 [NUM] 千米，如果他改为步行，每小时走 [NUM] 千米， 步行速度与骑车速度的比是多少？,步行速度与骑车速度的比是多少？,0.25 18 5,n1 - n2,13.0,
王老师从家骑车到学校要用0.25小时，每小时行驶18千米，如果他改为步行，每小时走5千米，多久能到学校？,王老师从家骑车到学校要用 [NUM] 小时，每小时行驶 [NUM] 千米，如果他改为步行，每小时走 [NUM] 千米，多久能到学校？,多久能到学校？,0.25 18 5,n1 - n2,13.0,
火车上有一些人，在第一站停车的时候有19个人下车，17个人上车．现在火车上共有63人，现在火车上共有的人与上车的人的比是多少？,火车上有一些人，在第一站停车的时候有 [NUM] 个人下车， [NUM] 个人上车．现在火车上共有 [NUM] 人，现在火车上共有的人与上车的人的比是多少？,现在火车上共有的人与上车的人的比是多少？,19 17 63,n2 - n1,46.0,
火车上有一些人，在第一站停车的时候有19个人下车，17个人上车．现在火车上共有63人，现在火车上共有的人比下车的多多少人？,火车上有一些人，在第一站停车的时候有 [NUM] 个人下车， [NUM] 个人上车．现在火车上共有 [NUM] 人，现在火车上共有的人比下车的多多少人？,现在火车上共有的人比下车的多多少人？,19 17 63,n2 - n1,46.0,
火车上有一些人，在第一站停车的时候有19个人下车，17个人上车．现在火车上共有63人，现在火车上共有的人与下车的人的比是多少？,火车上有一些人，在第一站停车的时候有 [NUM] 个人下车， [NUM] 个人上车．现在火车上共有 [NUM] 人，现在火车上共有的人与下车的人的比是多少？,现在火车上共有的人与下车的人的比是多少？,19 17 63,n2 - n1,46.0,
火车上有一些人，在第一站停车的时候有19个人下车，17个人上车．现在火车上共有63人，上车的人与现在火车上共有的人的比是多少？,火车上有一些人，在第一站停车的时候有 [NUM] 个人下车， [NUM] 个人上车．现在火车上共有 [NUM] 人，上车的人与现在火车上共有的人的比是多少？,上车的人与现在火车上共有的人的比是多少？,19 17 63,n2 - n1,46.0,
火车上有一些人，在第一站停车的时候有19个人下车，17个人上车．现在火车上共有63人，上车人数与下车人数的比是多少？,火车上有一些人，在第一站停车的时候有 [NUM] 个人下车， [NUM] 个人上车．现在火车上共有 [NUM] 人，上车人数与下车人数的比是多少？,上车人数与下车人数的比是多少？,19 17 63,n2 - n1,46.0,
火车上有一些人，在第一站停车的时候有19个人下车，17个人上车．现在火车上共有63人，下车人数比上车人数多多少人？,火车上有一些人，在第一站停车的时候有 [NUM] 个人下车， [NUM] 个人上车．现在火车上共有 [NUM] 人，下车人数比上车人数多多少人？,下车人数比上车人数多多少人？,19 17 63,n2 - n1,46.0,
火车上有一些人，在第一站停车的时候有19个人下车，17个人上车．现在火车上共有63人，下车人数与上车人数的比是多少？,火车上有一些人，在第一站停车的时候有 [NUM] 个人下车， [NUM] 个人上车．现在火车上共有 [NUM] 人，下车人数与上车人数的比是多少？,下车人数与上车人数的比是多少？,19 17 63,n2 - n1,46.0,
火车上有一些人，在第一站停车的时候有19个人下车，17个人上车．现在火车上共有63人，那么刚开始的时候火车上共有多少人？,火车上有一些人，在第一站停车的时候有 [NUM] 个人下车， [NUM] 个人上车．现在火车上共有 [NUM] 人，那么刚开始的时候火车上共有多少人？,那么刚开始的时候火车上共有多少人？,19 17 63,n2 - n1,46.0,
一条高速公路长336千米，一辆客车3.5小时行完全程。以同样的速度行完一条224千米长的高速公路，大约需要多少小时？,一条高速公路长 [NUM] 千米，一辆客车 [NUM] 小时行完全程。以同样的速度行完一条 [NUM] 千米长的高速公路，大约需要多少小时？,大约需要多少小时？,336 3.5 224,n0 / n1,96.0,
黄河三角洲国家级自然保护区内栖息繁殖的鸟类有246种，海洋性水生动物比鸟类多178种，鸟类和海洋性水生动物一共有多少种？,黄河三角洲国家级自然保护区内栖息繁殖的鸟类有 [NUM] 种，海洋性水生动物比鸟类多 [NUM] 种，鸟类和海洋性水生动物一共有多少种？,鸟类和海洋性水生动物一共有多少种？,246 178,n0 + n1,424.0,
"某动物园内上午有385人,中午有214人离开,又有249人到来,又来的人比中午离开的多多少人？","某动物园内上午有 [NUM] 人,中午有 [NUM] 人离开,又有 [NUM] 人到来,又来的人比中午离开的多多少人？",又来的人比中午离开的多多少人？,385 214 249,n0 - n1,171.0,
"某动物园内上午有385人,中午有214人离开,又有249人到来,又来的人是中午离开的几倍？","某动物园内上午有 [NUM] 人,中午有 [NUM] 人离开,又有 [NUM] 人到来,又来的人是中午离开的几倍？",又来的人是中午离开的几倍？,385 214 249,n0 - n1,171.0,
"某动物园内上午有385人,中午有214人离开,又有249人到来,这时动物园内有多少人?","某动物园内上午有 [NUM] 人,中午有 [NUM] 人离开,又有 [NUM] 人到来,这时动物园内有多少人?",这时动物园内有多少人?,385 214 249,n0 - n1,171.0,
"5组同学去图书馆借书,每组14人,共借了350本。平均每组借了多少本？"," [NUM] 组同学去图书馆借书,每组 [NUM] 人,共借了 [NUM] 本。平均每组借了多少本？",平均每组借了多少本？,5 14 350,n0 * n1,70.0,
"5组同学去图书馆借书,每组14人,共借了350本。平均每人借了多少本？"," [NUM] 组同学去图书馆借书,每组 [NUM] 人,共借了 [NUM] 本。平均每人借了多少本？",平均每人借了多少本？,5 14 350,n0 * n1,70.0,
五(1)班18名男生的平均体重为36千克，12名女生的平均体重为34千克，男生和女生平均体重之和为多少千克？,五( [NUM] )班 [NUM] 名男生的平均体重为 [NUM] 千克， [NUM] 名女生的平均体重为 [NUM] 千克，男生和女生平均体重之和为多少千克？,男生和女生平均体重之和为多少千克？,1 18 36 12 34,n2 * n1,648.0,
五(1)班18名男生的平均体重为36千克，12名女生的平均体重为34千克，男生平均体重比女生的多多少千克？？,五( [NUM] )班 [NUM] 名男生的平均体重为 [NUM] 千克， [NUM] 名女生的平均体重为 [NUM] 千克，男生平均体重比女生的多多少千克？？,男生平均体重比女生的多多少千克？？,1 18 36 12 34,n2 * n1,648.0,
五(1)班18名男生的平均体重为36千克，12名女生的平均体重为34千克，男生平均体重是女生的几倍？,五( [NUM] )班 [NUM] 名男生的平均体重为 [NUM] 千克， [NUM] 名女生的平均体重为 [NUM] 千克，男生平均体重是女生的几倍？,男生平均体重是女生的几倍？,1 18 36 12 34,n2 * n1,648.0,
五(1)班18名男生的平均体重为36千克，12名女生的平均体重为34千克，女生的总体重为多少千克？,五( [NUM] )班 [NUM] 名男生的平均体重为 [NUM] 千克， [NUM] 名女生的平均体重为 [NUM] 千克，女生的总体重为多少千克？,女生的总体重为多少千克？,1 18 36 12 34,n2 * n1,648.0,
五(1)班18名男生的平均体重为36千克，12名女生的平均体重为34千克，这个班学生的总体重为多少千克？,五( [NUM] )班 [NUM] 名男生的平均体重为 [NUM] 千克， [NUM] 名女生的平均体重为 [NUM] 千克，这个班学生的总体重为多少千克？,这个班学生的总体重为多少千克？,1 18 36 12 34,n2 * n1,648.0,
五(1)班18名男生的平均体重为36千克，12名女生的平均体重为34千克，那么这个班学生的平均体重为多少千克？,五( [NUM] )班 [NUM] 名男生的平均体重为 [NUM] 千克， [NUM] 名女生的平均体重为 [NUM] 千克，那么这个班学生的平均体重为多少千克？,那么这个班学生的平均体重为多少千克？,1 18 36 12 34,n2 * n1,648.0,
有两包面粉，第一包重60千克，如果从第二包取出10千克放入第一包，那么两包面粉一样重。两包面粉一样重时是多少千克？,有两包面粉，第一包重 [NUM] 千克，如果从第二包取出 [NUM] 千克放入第一包，那么两包面粉一样重。两包面粉一样重时是多少千克？,两包面粉一样重时是多少千克？,60 10,( n0 + n1 ) + n1,80.0,
有两包面粉，第一包重60千克，如果从第二包取出10千克放入第一包，那么两包面粉一样重。第二包面粉比第一包面粉重多少千克？,有两包面粉，第一包重 [NUM] 千克，如果从第二包取出 [NUM] 千克放入第一包，那么两包面粉一样重。第二包面粉比第一包面粉重多少千克？,第二包面粉比第一包面粉重多少千克？,60 10,( n0 + n1 ) + n1,80.0,
有两包面粉，第一包重60千克，如果从第二包取出10千克放入第一包，那么两包面粉一样重。两包面粉总共重多少千克？,有两包面粉，第一包重 [NUM] 千克，如果从第二包取出 [NUM] 千克放入第一包，那么两包面粉一样重。两包面粉总共重多少千克？,两包面粉总共重多少千克？,60 10,( n0 + n1 ) + n1,80.0,
有两包面粉，第一包重60千克，如果从第二包取出10千克放入第一包，那么两包面粉一样重。第二包面粉的重量是第一包面粉重量的多少倍？,有两包面粉，第一包重 [NUM] 千克，如果从第二包取出 [NUM] 千克放入第一包，那么两包面粉一样重。第二包面粉的重量是第一包面粉重量的多少倍？,第二包面粉的重量是第一包面粉重量的多少倍？,60 10,( n0 + n1 ) + n1,80.0,
有两包面粉，第一包重60千克，如果从第二包取出10千克放入第一包，那么两包面粉一样重。第一包面粉重量与第二包面粉的重量的比是多少？,有两包面粉，第一包重 [NUM] 千克，如果从第二包取出 [NUM] 千克放入第一包，那么两包面粉一样重。第一包面粉重量与第二包面粉的重量的比是多少？,第一包面粉重量与第二包面粉的重量的比是多少？,60 10,( n0 + n1 ) + n1,80.0,
书店出售一种新书，上午卖出376本，下午比上午多卖出149本，下午卖出多少本？,书店出售一种新书，上午卖出 [NUM] 本，下午比上午多卖出 [NUM] 本，下午卖出多少本？,下午卖出多少本？,376 149,( n0 + n1 ) / n0,1.3963,
书店出售一种新书，上午卖出376本，下午比上午多卖出149本，书店上午和下午一共卖出这种新书多少本？,书店出售一种新书，上午卖出 [NUM] 本，下午比上午多卖出 [NUM] 本，书店上午和下午一共卖出这种新书多少本？,书店上午和下午一共卖出这种新书多少本？,376 149,( n0 + n1 ) / n0,1.3963,
工程队修一条长1400米的公路，已经修了680米，剩下的要在12天内完成，剩下多少米没修？,工程队修一条长 [NUM] 米的公路，已经修了 [NUM] 米，剩下的要在 [NUM] 天内完成，剩下多少米没修？,剩下多少米没修？,1400 680 12,( n0 - n1 ) / n2,60.0,
幼儿园里有100个苹果，分给小班20个，分给中班30个，分给大班40个，分给小班和中班共多少个苹果？,幼儿园里有 [NUM] 个苹果，分给小班 [NUM] 个，分给中班 [NUM] 个，分给大班 [NUM] 个，分给小班和中班共多少个苹果？,分给小班和中班共多少个苹果？,100 20 30 40,n3 - n1,20.0,
幼儿园里有100个苹果，分给小班20个，分给中班30个，分给大班40个，分给小班和大班共多少个苹果？,幼儿园里有 [NUM] 个苹果，分给小班 [NUM] 个，分给中班 [NUM] 个，分给大班 [NUM] 个，分给小班和大班共多少个苹果？,分给小班和大班共多少个苹果？,100 20 30 40,n3 - n1,20.0,
幼儿园里有100个苹果，分给小班20个，分给中班30个，分给大班40个，分给中班的苹果比小班的多多少个？,幼儿园里有 [NUM] 个苹果，分给小班 [NUM] 个，分给中班 [NUM] 个，分给大班 [NUM] 个，分给中班的苹果比小班的多多少个？,分给中班的苹果比小班的多多少个？,100 20 30 40,n3 - n1,20.0,
幼儿园里有100个苹果，分给小班20个，分给中班30个，分给大班40个，分给中班的苹果是小班的多少倍？,幼儿园里有 [NUM] 个苹果，分给小班 [NUM] 个，分给中班 [NUM] 个，分给大班 [NUM] 个，分给中班的苹果是小班的多少倍？,分给中班的苹果是小班的多少倍？,100 20 30 40,n3 - n1,20.0,
幼儿园里有100个苹果，分给小班20个，分给中班30个，分给大班40个，分给中班和大班共多少个苹果？,幼儿园里有 [NUM] 个苹果，分给小班 [NUM] 个，分给中班 [NUM] 个，分给大班 [NUM] 个，分给中班和大班共多少个苹果？,分给中班和大班共多少个苹果？,100 20 30 40,n3 - n1,20.0,
幼儿园里有100个苹果，分给小班20个，分给中班30个，分给大班40个，分给大班的苹果是小班的多少倍？,幼儿园里有 [NUM] 个苹果，分给小班 [NUM] 个，分给中班 [NUM] 个，分给大班 [NUM] 个，分给大班的苹果是小班的多少倍？,分给大班的苹果是小班的多少倍？,100 20 30 40,n3 - n1,20.0,
幼儿园里有100个苹果，分给小班20个，分给中班30个，分给大班40个，分给大班的苹果比中班的多多少个？,幼儿园里有 [NUM] 个苹果，分给小班 [NUM] 个，分给中班 [NUM] 个，分给大班 [NUM] 个，分给大班的苹果比中班的多多少个？,分给大班的苹果比中班的多多少个？,100 20 30 40,n3 - n1,20.0,
幼儿园里有100个苹果，分给小班20个，分给中班30个，分给大班40个，分给大班的苹果是中班的多少倍？,幼儿园里有 [NUM] 个苹果，分给小班 [NUM] 个，分给中班 [NUM] 个，分给大班 [NUM] 个，分给大班的苹果是中班的多少倍？,分给大班的苹果是中班的多少倍？,100 20 30 40,n3 - n1,20.0,
幼儿园里有100个苹果，分给小班20个，分给中班30个，分给大班40个，幼儿园里的苹果少了多少个？,幼儿园里有 [NUM] 个苹果，分给小班 [NUM] 个，分给中班 [NUM] 个，分给大班 [NUM] 个，幼儿园里的苹果少了多少个？,幼儿园里的苹果少了多少个？,100 20 30 40,n3 - n1,20.0,
幼儿园里有100个苹果，分给小班20个，分给中班30个，分给大班40个，幼儿园还剩多少个苹果？,幼儿园里有 [NUM] 个苹果，分给小班 [NUM] 个，分给中班 [NUM] 个，分给大班 [NUM] 个，幼儿园还剩多少个苹果？,幼儿园还剩多少个苹果？,100 20 30 40,n3 - n1,20.0,
幼儿园里有100个苹果，分给小班20个，分给中班30个，分给大班40个，分给小班和中班的苹果总数比大班的多多少个？,幼儿园里有 [NUM] 个苹果，分给小班 [NUM] 个，分给中班 [NUM] 个，分给大班 [NUM] 个，分给小班和中班的苹果总数比大班的多多少个？,分给小班和中班的苹果总数比大班的多多少个？,100 20 30 40,n3 - n1,20.0,
幼儿园里有100个苹果，分给小班20个，分给中班30个，分给大班40个，分给小班和中班的苹果总数是大班的多少倍？,幼儿园里有 [NUM] 个苹果，分给小班 [NUM] 个，分给中班 [NUM] 个，分给大班 [NUM] 个，分给小班和中班的苹果总数是大班的多少倍？,分给小班和中班的苹果总数是大班的多少倍？,100 20 30 40,n3 - n1,20.0,
园林工人计划在一条公路的一旁种37棵树，每相邻两棵树间隔5米．实际栽种了46棵树(两端的树不动)，这条公路长多少米？,园林工人计划在一条公路的一旁种 [NUM] 棵树，每相邻两棵树间隔 [NUM] 米．实际栽种了 [NUM] 棵树(两端的树不动)，这条公路长多少米？,这条公路长多少米？,37 5 46,( n1 * ( n0 - x1 ) ) / ( n2 - x1 ),4.0,1 1
一本书共80页，淘气已经看了5天，还剩45页。淘气已经看了多少页？,一本书共 [NUM] 页，淘气已经看了 [NUM] 天，还剩 [NUM] 页。淘气已经看了多少页？,淘气已经看了多少页？,80 5 45,( n0 - n2 ) / n1,7.0,
菜市场运来4车西红柿，每车50袋，每袋20千克，每车有多少千克西红柿？,菜市场运来 [NUM] 车西红柿，每车 [NUM] 袋，每袋 [NUM] 千克，每车有多少千克西红柿？,每车有多少千克西红柿？,4 50 20,( n0 * n1 ) * n2,4000.0,
小明创作了一部小说，在出版社出版后获得稿酬7000元，按规定，稿费超过800元的部分要按14%的税率缴纳个人所得税．获得的稿酬与不需要缴纳个人所得税的部分的比是多少？,小明创作了一部小说，在出版社出版后获得稿酬 [NUM] 元，按规定，稿费超过 [NUM] 元的部分要按 [NUM] 的税率缴纳个人所得税．获得的稿酬与不需要缴纳个人所得税的部分的比是多少？,获得的稿酬与不需要缴纳个人所得税的部分的比是多少？,7000 800 0.14,n0 - n1,6200.0,
小明创作了一部小说，在出版社出版后获得稿酬7000元，按规定，稿费超过800元的部分要按14%的税率缴纳个人所得税．不需要缴纳个人所得税的部分与获得的稿酬的比是多少？,小明创作了一部小说，在出版社出版后获得稿酬 [NUM] 元，按规定，稿费超过 [NUM] 元的部分要按 [NUM] 的税率缴纳个人所得税．不需要缴纳个人所得税的部分与获得的稿酬的比是多少？,不需要缴纳个人所得税的部分与获得的稿酬的比是多少？,7000 800 0.14,n0 - n1,6200.0,
小明创作了一部小说，在出版社出版后获得稿酬7000元，按规定，稿费超过800元的部分要按14%的税率缴纳个人所得税．小明应缴纳个人所得税多少元？,小明创作了一部小说，在出版社出版后获得稿酬 [NUM] 元，按规定，稿费超过 [NUM] 元的部分要按 [NUM] 的税率缴纳个人所得税．小明应缴纳个人所得税多少元？,小明应缴纳个人所得税多少元？,7000 800 0.14,n0 - n1,6200.0,
小明创作了一部小说，在出版社出版后获得稿酬7000元，按规定，稿费超过800元的部分要按14%的税率缴纳个人所得税．缴纳完个人所得税后还剩多少元？,小明创作了一部小说，在出版社出版后获得稿酬 [NUM] 元，按规定，稿费超过 [NUM] 元的部分要按 [NUM] 的税率缴纳个人所得税．缴纳完个人所得税后还剩多少元？,缴纳完个人所得税后还剩多少元？,7000 800 0.14,n0 - n1,6200.0,
一张桌子的售价为225元，比一把椅子贵180元。一把椅子的售价为多少元？,一张桌子的售价为 [NUM] 元，比一把椅子贵 [NUM] 元。一把椅子的售价为多少元？,一把椅子的售价为多少元？,225 180,n0 / ( n0 - n1 ),5.0,
小白兔第一天拔了206个萝卜，第二天拔了198个萝卜，第三天拔了209个萝卜．小白兔前两天拔了多少个萝卜？,小白兔第一天拔了 [NUM] 个萝卜，第二天拔了 [NUM] 个萝卜，第三天拔了 [NUM] 个萝卜．小白兔前两天拔了多少个萝卜？,小白兔前两天拔了多少个萝卜？,206 198 209,n2 - n1,11.0,
小白兔第一天拔了206个萝卜，第二天拔了198个萝卜，第三天拔了209个萝卜．第一天比第二天多拔了多少个萝卜？,小白兔第一天拔了 [NUM] 个萝卜，第二天拔了 [NUM] 个萝卜，第三天拔了 [NUM] 个萝卜．第一天比第二天多拔了多少个萝卜？,第一天比第二天多拔了多少个萝卜？,206 198 209,n2 - n1,11.0,
小白兔第一天拔了206个萝卜，第二天拔了198个萝卜，第三天拔了209个萝卜．第一天拔的萝卜个数是第二天的多少倍？,小白兔第一天拔了 [NUM] 个萝卜，第二天拔了 [NUM] 个萝卜，第三天拔了 [NUM] 个萝卜．第一天拔的萝卜个数是第二天的多少倍？,第一天拔的萝卜个数是第二天的多少倍？,206 198 209,n2 - n1,11.0,
小白兔第一天拔了206个萝卜，第二天拔了198个萝卜，第三天拔了209个萝卜．小白兔后两天拔了多少个萝卜？,小白兔第一天拔了 [NUM] 个萝卜，第二天拔了 [NUM] 个萝卜，第三天拔了 [NUM] 个萝卜．小白兔后两天拔了多少个萝卜？,小白兔后两天拔了多少个萝卜？,206 198 209,n2 - n1,11.0,
小白兔第一天拔了206个萝卜，第二天拔了198个萝卜，第三天拔了209个萝卜．第三天比第一天多拔了多少个萝卜？,小白兔第一天拔了 [NUM] 个萝卜，第二天拔了 [NUM] 个萝卜，第三天拔了 [NUM] 个萝卜．第三天比第一天多拔了多少个萝卜？,第三天比第一天多拔了多少个萝卜？,206 198 209,n2 - n1,11.0,
小白兔第一天拔了206个萝卜，第二天拔了198个萝卜，第三天拔了209个萝卜．第三天拔的萝卜个数是第一天的多少倍？,小白兔第一天拔了 [NUM] 个萝卜，第二天拔了 [NUM] 个萝卜，第三天拔了 [NUM] 个萝卜．第三天拔的萝卜个数是第一天的多少倍？,第三天拔的萝卜个数是第一天的多少倍？,206 198 209,n2 - n1,11.0,
小白兔第一天拔了206个萝卜，第二天拔了198个萝卜，第三天拔了209个萝卜．第三天拔的萝卜个数是第二天的多少倍？,小白兔第一天拔了 [NUM] 个萝卜，第二天拔了 [NUM] 个萝卜，第三天拔了 [NUM] 个萝卜．第三天拔的萝卜个数是第二天的多少倍？,第三天拔的萝卜个数是第二天的多少倍？,206 198 209,n2 - n1,11.0,
小白兔第一天拔了206个萝卜，第二天拔了198个萝卜，第三天拔了209个萝卜．小白兔三天一共拔了多少个萝卜？,小白兔第一天拔了 [NUM] 个萝卜，第二天拔了 [NUM] 个萝卜，第三天拔了 [NUM] 个萝卜．小白兔三天一共拔了多少个萝卜？,小白兔三天一共拔了多少个萝卜？,206 198 209,n2 - n1,11.0,
"小青一家开车到300km外的外婆家做客。已知汽车油箱里有25升汽油,每升汽油可供汽车行驶12.3km。油全部用完可以走多远？","小青一家开车到 [NUM] km外的外婆家做客。已知汽车油箱里有 [NUM] 升汽油,每升汽油可供汽车行驶 [NUM] km。油全部用完可以走多远？",油全部用完可以走多远？,300 25 12.3,n0 / n1,12.0,
修一条路，甲队单独修要12天修完，乙队单独修要15天修完。甲乙两队合修，甲队每天修这条路的几分之几？,修一条路，甲队单独修要 [NUM] 天修完，乙队单独修要 [NUM] 天修完。甲乙两队合修，甲队每天修这条路的几分之几？,甲队每天修这条路的几分之几？,12 15,x1 / ( ( x1 / n0 ) + ( x1 / n1 ) ),6.6667,1 1 1
修一条路，甲队单独修要12天修完，乙队单独修要15天修完。甲乙两队合修，乙队每天修这条路的几分之几？,修一条路，甲队单独修要 [NUM] 天修完，乙队单独修要 [NUM] 天修完。甲乙两队合修，乙队每天修这条路的几分之几？,乙队每天修这条路的几分之几？,12 15,x1 / ( ( x1 / n0 ) + ( x1 / n1 ) ),6.6667,1 1 1
修一条路，甲队单独修要12天修完，乙队单独修要15天修完。甲乙两队合修，乙队单独修的天数比甲队多多少天？,修一条路，甲队单独修要 [NUM] 天修完，乙队单独修要 [NUM] 天修完。甲乙两队合修，乙队单独修的天数比甲队多多少天？,乙队单独修的天数比甲队多多少天？,12 15,x1 / ( ( x1 / n0 ) + ( x1 / n1 ) ),6.6667,1 1 1
修一条路，甲队单独修要12天修完，乙队单独修要15天修完。甲乙两队合修，甲乙两队每天共修这条路的几分之几？,修一条路，甲队单独修要 [NUM] 天修完，乙队单独修要 [NUM] 天修完。甲乙两队合修，甲乙两队每天共修这条路的几分之几？,甲乙两队每天共修这条路的几分之几？,12 15,x1 / ( ( x1 / n0 ) + ( x1 / n1 ) ),6.6667,1 1 1
一块宽为4.7分米的长方形玻璃，它的面积是43.71平方分米．玻璃的长是多少分米？,一块宽为 [NUM] 分米的长方形玻璃，它的面积是 [NUM] 平方分米．玻璃的长是多少分米？,玻璃的长是多少分米？,4.7 43.71,( n1 / n0 ) - n0,4.6,
一块宽为4.7分米的长方形玻璃，它的面积是43.71平方分米．这块玻璃的周长是多少分米？,一块宽为 [NUM] 分米的长方形玻璃，它的面积是 [NUM] 平方分米．这块玻璃的周长是多少分米？,这块玻璃的周长是多少分米？,4.7 43.71,( n1 / n0 ) - n0,4.6,
一批鸡蛋，每18千克装一箱，装了115箱还剩12千克。这批鸡蛋一共有多少千克？,一批鸡蛋，每 [NUM] 千克装一箱，装了 [NUM] 箱还剩 [NUM] 千克。这批鸡蛋一共有多少千克？,这批鸡蛋一共有多少千克？,18 115 12,n0 * n1,2070.0,
学校美术组有男生41人，女生比男生少13人．女生有几人？,学校美术组有男生 [NUM] 人，女生比男生少 [NUM] 人．女生有几人？,女生有几人？,41 13,n0 / ( n0 - n1 ),1.4643,
学校美术组有男生41人，女生比男生少13人．男生和女生总共多少人？,学校美术组有男生 [NUM] 人，女生比男生少 [NUM] 人．男生和女生总共多少人？,男生和女生总共多少人？,41 13,n0 / ( n0 - n1 ),1.4643,
"货架上有方便面22包,糖果的包数是方便面的4倍。货架上有糖果多少包？","货架上有方便面 [NUM] 包,糖果的包数是方便面的 [NUM] 倍。货架上有糖果多少包？",货架上有糖果多少包？,22 4,( n0 * n1 ) - n0,66.0,
"货架上有方便面22包,糖果的包数是方便面的4倍。方便面和糖果一共有多少包？","货架上有方便面 [NUM] 包,糖果的包数是方便面的 [NUM] 倍。方便面和糖果一共有多少包？",方便面和糖果一共有多少包？,22 4,( n0 * n1 ) - n0,66.0,
修一条公路，已经修好了136米，比剩下的少86.4米，这条公路总长多少米？,修一条公路，已经修好了 [NUM] 米，比剩下的少 [NUM] 米，这条公路总长多少米？,这条公路总长多少米？,136 86.4,n0 + n1,222.4,
一小瓶可乐500克，一大瓶可乐1000克．一小瓶可乐和一大瓶可乐总共多少克？,一小瓶可乐 [NUM] 克，一大瓶可乐 [NUM] 克．一小瓶可乐和一大瓶可乐总共多少克？,一小瓶可乐和一大瓶可乐总共多少克？,500 1000,n1 - n0,500.0,
一小瓶可乐500克，一大瓶可乐1000克．一大瓶可乐与一小瓶可乐的重量比是多少？,一小瓶可乐 [NUM] 克，一大瓶可乐 [NUM] 克．一大瓶可乐与一小瓶可乐的重量比是多少？,一大瓶可乐与一小瓶可乐的重量比是多少？,500 1000,n1 - n0,500.0,
一小瓶可乐500克，一大瓶可乐1000克．一小瓶可乐与一大瓶可乐的重量比是多少？,一小瓶可乐 [NUM] 克，一大瓶可乐 [NUM] 克．一小瓶可乐与一大瓶可乐的重量比是多少？,一小瓶可乐与一大瓶可乐的重量比是多少？,500 1000,n1 - n0,500.0,
万达电影院有上下两层，上层有508个座位，下层有612个座位，5月1日这天上层只有8个空位，下层只有12个空位，上层和下层总共有多少个座位？,万达电影院有上下两层，上层有 [NUM] 个座位，下层有 [NUM] 个座位， [NUM] 月 [NUM] 日这天上层只有 [NUM] 个空位，下层只有 [NUM] 个空位，上层和下层总共有多少个座位？,上层和下层总共有多少个座位？,508 612 5 1 8 12,n1 - n0,104.0,
万达电影院有上下两层，上层有508个座位，下层有612个座位，5月1日这天上层只有8个空位，下层只有12个空位，上层的座位数与下层的座位数的比是多少？,万达电影院有上下两层，上层有 [NUM] 个座位，下层有 [NUM] 个座位， [NUM] 月 [NUM] 日这天上层只有 [NUM] 个空位，下层只有 [NUM] 个空位，上层的座位数与下层的座位数的比是多少？,上层的座位数与下层的座位数的比是多少？,508 612 5 1 8 12,n1 - n0,104.0,
万达电影院有上下两层，上层有508个座位，下层有612个座位，5月1日这天上层只有8个空位，下层只有12个空位，上层有多少名观众？,万达电影院有上下两层，上层有 [NUM] 个座位，下层有 [NUM] 个座位， [NUM] 月 [NUM] 日这天上层只有 [NUM] 个空位，下层只有 [NUM] 个空位，上层有多少名观众？,上层有多少名观众？,508 612 5 1 8 12,n1 - n0,104.0,
万达电影院有上下两层，上层有508个座位，下层有612个座位，5月1日这天上层只有8个空位，下层只有12个空位，上层的座位数是上层的空位的比是多少？,万达电影院有上下两层，上层有 [NUM] 个座位，下层有 [NUM] 个座位， [NUM] 月 [NUM] 日这天上层只有 [NUM] 个空位，下层只有 [NUM] 个空位，上层的座位数是上层的空位的比是多少？,上层的座位数是上层的空位的比是多少？,508 612 5 1 8 12,n1 - n0,104.0,
万达电影院有上下两层，上层有508个座位，下层有612个座位，5月1日这天上层只有8个空位，下层只有12个空位，上层座位比下层空位多多少个？,万达电影院有上下两层，上层有 [NUM] 个座位，下层有 [NUM] 个座位， [NUM] 月 [NUM] 日这天上层只有 [NUM] 个空位，下层只有 [NUM] 个空位，上层座位比下层空位多多少个？,上层座位比下层空位多多少个？,508 612 5 1 8 12,n1 - n0,104.0,
万达电影院有上下两层，上层有508个座位，下层有612个座位，5月1日这天上层只有8个空位，下层只有12个空位，上层的座位数是下层的空位数的比是多少？,万达电影院有上下两层，上层有 [NUM] 个座位，下层有 [NUM] 个座位， [NUM] 月 [NUM] 日这天上层只有 [NUM] 个空位，下层只有 [NUM] 个空位，上层的座位数是下层的空位数的比是多少？,上层的座位数是下层的空位数的比是多少？,508 612 5 1 8 12,n1 - n0,104.0,
万达电影院有上下两层，上层有508个座位，下层有612个座位，5月1日这天上层只有8个空位，下层只有12个空位，下层的座位数与上层的座位数的比是多少？,万达电影院有上下两层，上层有 [NUM] 个座位，下层有 [NUM] 个座位， [NUM] 月 [NUM] 日这天上层只有 [NUM] 个空位，下层只有 [NUM] 个空位，下层的座位数与上层的座位数的比是多少？,下层的座位数与上层的座位数的比是多少？,508 612 5 1 8 12,n1 - n0,104.0,
万达电影院有上下两层，上层有508个座位，下层有612个座位，5月1日这天上层只有8个空位，下层只有12个空位，下层座位比上层空位多多少个？,万达电影院有上下两层，上层有 [NUM] 个座位，下层有 [NUM] 个座位， [NUM] 月 [NUM] 日这天上层只有 [NUM] 个空位，下层只有 [NUM] 个空位，下层座位比上层空位多多少个？,下层座位比上层空位多多少个？,508 612 5 1 8 12,n1 - n0,104.0,
万达电影院有上下两层，上层有508个座位，下层有612个座位，5月1日这天上层只有8个空位，下层只有12个空位，下层座位数与上层的空位数的比是多少？,万达电影院有上下两层，上层有 [NUM] 个座位，下层有 [NUM] 个座位， [NUM] 月 [NUM] 日这天上层只有 [NUM] 个空位，下层只有 [NUM] 个空位，下层座位数与上层的空位数的比是多少？,下层座位数与上层的空位数的比是多少？,508 612 5 1 8 12,n1 - n0,104.0,
万达电影院有上下两层，上层有508个座位，下层有612个座位，5月1日这天上层只有8个空位，下层只有12个空位，下层有多少名观众？,万达电影院有上下两层，上层有 [NUM] 个座位，下层有 [NUM] 个座位， [NUM] 月 [NUM] 日这天上层只有 [NUM] 个空位，下层只有 [NUM] 个空位，下层有多少名观众？,下层有多少名观众？,508 612 5 1 8 12,n1 - n0,104.0,
万达电影院有上下两层，上层有508个座位，下层有612个座位，5月1日这天上层只有8个空位，下层只有12个空位，下层座位数与下层的空位数的比是多少？,万达电影院有上下两层，上层有 [NUM] 个座位，下层有 [NUM] 个座位， [NUM] 月 [NUM] 日这天上层只有 [NUM] 个空位，下层只有 [NUM] 个空位，下层座位数与下层的空位数的比是多少？,下层座位数与下层的空位数的比是多少？,508 612 5 1 8 12,n1 - n0,104.0,
万达电影院有上下两层，上层有508个座位，下层有612个座位，5月1日这天上层只有8个空位，下层只有12个空位，上层的空位数与下层座位数的比是多少？,万达电影院有上下两层，上层有 [NUM] 个座位，下层有 [NUM] 个座位， [NUM] 月 [NUM] 日这天上层只有 [NUM] 个空位，下层只有 [NUM] 个空位，上层的空位数与下层座位数的比是多少？,上层的空位数与下层座位数的比是多少？,508 612 5 1 8 12,n1 - n0,104.0,
万达电影院有上下两层，上层有508个座位，下层有612个座位，5月1日这天上层只有8个空位，下层只有12个空位，上层的空位数与下层的空位数的比是多少？,万达电影院有上下两层，上层有 [NUM] 个座位，下层有 [NUM] 个座位， [NUM] 月 [NUM] 日这天上层只有 [NUM] 个空位，下层只有 [NUM] 个空位，上层的空位数与下层的空位数的比是多少？,上层的空位数与下层的空位数的比是多少？,508 612 5 1 8 12,n1 - n0,104.0,
万达电影院有上下两层，上层有508个座位，下层有612个座位，5月1日这天上层只有8个空位，下层只有12个空位，下层的空位数与上层的座位数的比是多少？,万达电影院有上下两层，上层有 [NUM] 个座位，下层有 [NUM] 个座位， [NUM] 月 [NUM] 日这天上层只有 [NUM] 个空位，下层只有 [NUM] 个空位，下层的空位数与上层的座位数的比是多少？,下层的空位数与上层的座位数的比是多少？,508 612 5 1 8 12,n1 - n0,104.0,
万达电影院有上下两层，上层有508个座位，下层有612个座位，5月1日这天上层只有8个空位，下层只有12个空位，下层的空位数与下层的座位数的比是多少？,万达电影院有上下两层，上层有 [NUM] 个座位，下层有 [NUM] 个座位， [NUM] 月 [NUM] 日这天上层只有 [NUM] 个空位，下层只有 [NUM] 个空位，下层的空位数与下层的座位数的比是多少？,下层的空位数与下层的座位数的比是多少？,508 612 5 1 8 12,n1 - n0,104.0,
万达电影院有上下两层，上层有508个座位，下层有612个座位，5月1日这天上层只有8个空位，下层只有12个空位，下层的空位数与上层的空位数的比是多少？,万达电影院有上下两层，上层有 [NUM] 个座位，下层有 [NUM] 个座位， [NUM] 月 [NUM] 日这天上层只有 [NUM] 个空位，下层只有 [NUM] 个空位，下层的空位数与上层的空位数的比是多少？,下层的空位数与上层的空位数的比是多少？,508 612 5 1 8 12,n1 - n0,104.0,
万达电影院有上下两层，上层有508个座位，下层有612个座位，5月1日这天上层只有8个空位，下层只有12个空位，电影院这天一共有多少名观众？,万达电影院有上下两层，上层有 [NUM] 个座位，下层有 [NUM] 个座位， [NUM] 月 [NUM] 日这天上层只有 [NUM] 个空位，下层只有 [NUM] 个空位，电影院这天一共有多少名观众？,电影院这天一共有多少名观众？,508 612 5 1 8 12,n1 - n0,104.0,
学校组织部分师生去郊游，租了3辆客车和4辆面包车，每辆客车可以坐38人，每辆面包车可以坐8人。4辆面包车可以坐多少人？,学校组织部分师生去郊游，租了 [NUM] 辆客车和 [NUM] 辆面包车，每辆客车可以坐 [NUM] 人，每辆面包车可以坐 [NUM] 人。 [NUM] 辆面包车可以坐多少人？, [NUM] 辆面包车可以坐多少人？,3 4 38 8 4,n0 * n2,114.0,
三人一起称体重，小强重36.8千克，比小海轻0.48千克，小军比小海轻0.8千克，小海重多少千克？,三人一起称体重，小强重 [NUM] 千克，比小海轻 [NUM] 千克，小军比小海轻 [NUM] 千克，小海重多少千克？,小海重多少千克？,36.8 0.48 0.8,n0 - ( ( n0 + n1 ) - n2 ),0.32,
三人一起称体重，小强重36.8千克，比小海轻0.48千克，小军比小海轻0.8千克，小军重多少千克？,三人一起称体重，小强重 [NUM] 千克，比小海轻 [NUM] 千克，小军比小海轻 [NUM] 千克，小军重多少千克？,小军重多少千克？,36.8 0.48 0.8,n0 - ( ( n0 + n1 ) - n2 ),0.32,
新华书店新进来科技书316本，文艺书267本，故事书比文艺书少148本。科技书和文艺书的比是多少？,新华书店新进来科技书 [NUM] 本，文艺书 [NUM] 本，故事书比文艺书少 [NUM] 本。科技书和文艺书的比是多少？,科技书和文艺书的比是多少？,316 267 148,n0 + n1,583.0,
新华书店新进来科技书316本，文艺书267本，故事书比文艺书少148本。科技书比文艺书多多少本？,新华书店新进来科技书 [NUM] 本，文艺书 [NUM] 本，故事书比文艺书少 [NUM] 本。科技书比文艺书多多少本？,科技书比文艺书多多少本？,316 267 148,n0 + n1,583.0,
新华书店新进来科技书316本，文艺书267本，故事书比文艺书少148本。科技书比故事书多多少本？,新华书店新进来科技书 [NUM] 本，文艺书 [NUM] 本，故事书比文艺书少 [NUM] 本。科技书比故事书多多少本？,科技书比故事书多多少本？,316 267 148,n0 + n1,583.0,
新华书店新进来科技书316本，文艺书267本，故事书比文艺书少148本。故事书有多少本？,新华书店新进来科技书 [NUM] 本，文艺书 [NUM] 本，故事书比文艺书少 [NUM] 本。故事书有多少本？,故事书有多少本？,316 267 148,n0 + n1,583.0,
新华书店新进来科技书316本，文艺书267本，故事书比文艺书少148本。科技书和故事书总共多少本？,新华书店新进来科技书 [NUM] 本，文艺书 [NUM] 本，故事书比文艺书少 [NUM] 本。科技书和故事书总共多少本？,科技书和故事书总共多少本？,316 267 148,n0 + n1,583.0,
新华书店新进来科技书316本，文艺书267本，故事书比文艺书少148本。科技书和故事书的比是多少？,新华书店新进来科技书 [NUM] 本，文艺书 [NUM] 本，故事书比文艺书少 [NUM] 本。科技书和故事书的比是多少？,科技书和故事书的比是多少？,316 267 148,n0 + n1,583.0,
新华书店新进来科技书316本，文艺书267本，故事书比文艺书少148本。文艺书和故事书总共多少本？,新华书店新进来科技书 [NUM] 本，文艺书 [NUM] 本，故事书比文艺书少 [NUM] 本。文艺书和故事书总共多少本？,文艺书和故事书总共多少本？,316 267 148,n0 + n1,583.0,
新华书店新进来科技书316本，文艺书267本，故事书比文艺书少148本。文艺书和故事书的比是多少？,新华书店新进来科技书 [NUM] 本，文艺书 [NUM] 本，故事书比文艺书少 [NUM] 本。文艺书和故事书的比是多少？,文艺书和故事书的比是多少？,316 267 148,n0 + n1,583.0,
新华书店新进来科技书316本，文艺书267本，故事书比文艺书少148本。科技书、文艺书和故事书总共多少本？,新华书店新进来科技书 [NUM] 本，文艺书 [NUM] 本，故事书比文艺书少 [NUM] 本。科技书、文艺书和故事书总共多少本？,科技书、文艺书和故事书总共多少本？,316 267 148,n0 + n1,583.0,
三年级同学去公园划船。男生有53人，女生有49人。每6人划一只船，男生和女生总共有多少人？,三年级同学去公园划船。男生有 [NUM] 人，女生有 [NUM] 人。每 [NUM] 人划一只船，男生和女生总共有多少人？,男生和女生总共有多少人？,53 49 6,n0 / ( n0 + n1 ),0.5196,
三年级同学去公园划船。男生有53人，女生有49人。每6人划一只船，男生比女生多多少人？,三年级同学去公园划船。男生有 [NUM] 人，女生有 [NUM] 人。每 [NUM] 人划一只船，男生比女生多多少人？,男生比女生多多少人？,53 49 6,n0 / ( n0 + n1 ),0.5196,
三年级同学去公园划船。男生有53人，女生有49人。每6人划一只船，男生人数与女生人数的比是多少？,三年级同学去公园划船。男生有 [NUM] 人，女生有 [NUM] 人。每 [NUM] 人划一只船，男生人数与女生人数的比是多少？,男生人数与女生人数的比是多少？,53 49 6,n0 / ( n0 + n1 ),0.5196,
三年级同学去公园划船。男生有53人，女生有49人。每6人划一只船，男生至少要多少只船？,三年级同学去公园划船。男生有 [NUM] 人，女生有 [NUM] 人。每 [NUM] 人划一只船，男生至少要多少只船？,男生至少要多少只船？,53 49 6,n0 / ( n0 + n1 ),0.5196,
三年级同学去公园划船。男生有53人，女生有49人。每6人划一只船，女生人数与男生人数的比是多少？,三年级同学去公园划船。男生有 [NUM] 人，女生有 [NUM] 人。每 [NUM] 人划一只船，女生人数与男生人数的比是多少？,女生人数与男生人数的比是多少？,53 49 6,n0 / ( n0 + n1 ),0.5196,
三年级同学去公园划船。男生有53人，女生有49人。每6人划一只船，女生至少要多少只船？,三年级同学去公园划船。男生有 [NUM] 人，女生有 [NUM] 人。每 [NUM] 人划一只船，女生至少要多少只船？,女生至少要多少只船？,53 49 6,n0 / ( n0 + n1 ),0.5196,
三年级同学去公园划船。男生有53人，女生有49人。每6人划一只船，一共要多少只船？,三年级同学去公园划船。男生有 [NUM] 人，女生有 [NUM] 人。每 [NUM] 人划一只船，一共要多少只船？,一共要多少只船？,53 49 6,n0 / ( n0 + n1 ),0.5196,
三年级同学去公园划船。男生有53人，女生有49人。每6人划一只船，女生占总人数的多少？,三年级同学去公园划船。男生有 [NUM] 人，女生有 [NUM] 人。每 [NUM] 人划一只船，女生占总人数的多少？,女生占总人数的多少？,53 49 6,n0 / ( n0 + n1 ),0.5196,
一根彩带，每1.4分米剪一段做1个蝴蝶结，一共做了27个蝴蝶结，还剩1.2分米，做27个蝴蝶结需要多少分米的彩带？,一根彩带，每 [NUM] 分米剪一段做 [NUM] 个蝴蝶结，一共做了 [NUM] 个蝴蝶结，还剩 [NUM] 分米，做 [NUM] 个蝴蝶结需要多少分米的彩带？,做 [NUM] 个蝴蝶结需要多少分米的彩带？,1.4 1 27 1.2 27,( n0 * n2 ) - n3,36.6,
一根彩带，每1.4分米剪一段做1个蝴蝶结，一共做了27个蝴蝶结，还剩1.2分米，做27个蝴蝶结所需的彩带与剩余的彩带的比是多少？,一根彩带，每 [NUM] 分米剪一段做 [NUM] 个蝴蝶结，一共做了 [NUM] 个蝴蝶结，还剩 [NUM] 分米，做 [NUM] 个蝴蝶结所需的彩带与剩余的彩带的比是多少？,做 [NUM] 个蝴蝶结所需的彩带与剩余的彩带的比是多少？,1.4 1 27 1.2 27,( n0 * n2 ) - n3,36.6,
云云看一本书，已经看了56页，还剩下28页没有看．这本书一共有多少页？,云云看一本书，已经看了 [NUM] 页，还剩下 [NUM] 页没有看．这本书一共有多少页？,这本书一共有多少页？,56 28,n0 / n1,2.0,
云云看一本书，已经看了56页，还剩下28页没有看．已经看的页数比剩下没看的多多少页？,云云看一本书，已经看了 [NUM] 页，还剩下 [NUM] 页没有看．已经看的页数比剩下没看的多多少页？,已经看的页数比剩下没看的多多少页？,56 28,n0 / n1,2.0,
制作一批零件，王师傅单独做要12小时完成，李师傅单独做要8小时完成。两人合作，王师傅的速度是多少？,制作一批零件，王师傅单独做要 [NUM] 小时完成，李师傅单独做要 [NUM] 小时完成。两人合作，王师傅的速度是多少？,王师傅的速度是多少？,12 8,x1 / n1,0.125,1
制作一批零件，王师傅单独做要12小时完成，李师傅单独做要8小时完成。两人合作，两人合作的速度和是多少？,制作一批零件，王师傅单独做要 [NUM] 小时完成，李师傅单独做要 [NUM] 小时完成。两人合作，两人合作的速度和是多少？,两人合作的速度和是多少？,12 8,x1 / n1,0.125,1
制作一批零件，王师傅单独做要12小时完成，李师傅单独做要8小时完成。两人合作，多少小时可以完成？,制作一批零件，王师傅单独做要 [NUM] 小时完成，李师傅单独做要 [NUM] 小时完成。两人合作，多少小时可以完成？,多少小时可以完成？,12 8,x1 / n1,0.125,1
图书室借出320本图书后，还剩410本，现在又还回250本，剩下的图书比还回来的多多少本？,图书室借出 [NUM] 本图书后，还剩 [NUM] 本，现在又还回 [NUM] 本，剩下的图书比还回来的多多少本？,剩下的图书比还回来的多多少本？,320 410 250,n1 + n2,660.0,
春季植树，五年级植树145棵，比六年级少17棵．六年级植树的棵数是四年级的1.5倍，六年级植树多少棵？,春季植树，五年级植树 [NUM] 棵，比六年级少 [NUM] 棵．六年级植树的棵数是四年级的 [NUM] 倍，六年级植树多少棵？,六年级植树多少棵？,145 17 1.5,( n0 + n1 ) / n2,108.0,
春季植树，五年级植树145棵，比六年级少17棵．六年级植树的棵数是四年级的1.5倍，五年级植树比四年级多多少棵？,春季植树，五年级植树 [NUM] 棵，比六年级少 [NUM] 棵．六年级植树的棵数是四年级的 [NUM] 倍，五年级植树比四年级多多少棵？,五年级植树比四年级多多少棵？,145 17 1.5,( n0 + n1 ) / n2,108.0,
春季植树，五年级植树145棵，比六年级少17棵．六年级植树的棵数是四年级的1.5倍，六年级植树比四年级多多少棵？,春季植树，五年级植树 [NUM] 棵，比六年级少 [NUM] 棵．六年级植树的棵数是四年级的 [NUM] 倍，六年级植树比四年级多多少棵？,六年级植树比四年级多多少棵？,145 17 1.5,( n0 + n1 ) / n2,108.0,
春季植树，五年级植树145棵，比六年级少17棵．六年级植树的棵数是四年级的1.5倍，五年级植树是四年级的几倍？,春季植树，五年级植树 [NUM] 棵，比六年级少 [NUM] 棵．六年级植树的棵数是四年级的 [NUM] 倍，五年级植树是四年级的几倍？,五年级植树是四年级的几倍？,145 17 1.5,( n0 + n1 ) / n2,108.0,
车队有8辆汽车，7天共节约179.2升，平均每辆汽车一天节约汽油多少升？,车队有 [NUM] 辆汽车， [NUM] 天共节约 [NUM] 升，平均每辆汽车一天节约汽油多少升？,平均每辆汽车一天节约汽油多少升？,8 7 179.2,n2 / n1,25.6,
"同学们一起折千纸鹤,一组折了32只千纸鹤,二组折的只数比一组的3倍少18只。一组比二组少折了多少只千纸鹤?","同学们一起折千纸鹤,一组折了 [NUM] 只千纸鹤,二组折的只数比一组的 [NUM] 倍少 [NUM] 只。一组比二组少折了多少只千纸鹤?",一组比二组少折了多少只千纸鹤?,32 3 18,( n0 * n1 ) - n2,78.0,
"同学们一起折千纸鹤,一组折了32只千纸鹤,二组折的只数比一组的3倍少18只。一组和二组共折了多少只千纸鹤?","同学们一起折千纸鹤,一组折了 [NUM] 只千纸鹤,二组折的只数比一组的 [NUM] 倍少 [NUM] 只。一组和二组共折了多少只千纸鹤?",一组和二组共折了多少只千纸鹤?,32 3 18,( n0 * n1 ) - n2,78.0,
"果园里现有桃树120棵,如果再种20棵桃树,桃树的棵树就是苹果树的2倍。果园里有苹果树多少棵?","果园里现有桃树 [NUM] 棵,如果再种 [NUM] 棵桃树,桃树的棵树就是苹果树的 [NUM] 倍。果园里有苹果树多少棵?",果园里有苹果树多少棵?,120 20 2,n0 - ( ( n0 + n1 ) / n2 ),50.0,
"果园里现有桃树120棵,如果再种20棵桃树,桃树的棵树就是苹果树的2倍。苹果树和桃树总共多少棵?","果园里现有桃树 [NUM] 棵,如果再种 [NUM] 棵桃树,桃树的棵树就是苹果树的 [NUM] 倍。苹果树和桃树总共多少棵?",苹果树和桃树总共多少棵?,120 20 2,n0 - ( ( n0 + n1 ) / n2 ),50.0,
汽车南站货场有货物4.25万吨，每天运出0.37万吨，运了5天，剩下的货物要求在4天内运完，平均每天需运出货物多少万吨？,汽车南站货场有货物 [NUM] 万吨，每天运出 [NUM] 万吨，运了 [NUM] 天，剩下的货物要求在 [NUM] 天内运完，平均每天需运出货物多少万吨？,平均每天需运出货物多少万吨？,4.25 0.37 5 4,n0 - ( n1 * n2 ),2.4,
我县电影院，10月3号那天共卖电影票320张，每张票15元，还有214张没售出，一共有多少张电影票？,我县电影院， [NUM] 月 [NUM] 号那天共卖电影票 [NUM] 张，每张票 [NUM] 元，还有 [NUM] 张没售出，一共有多少张电影票？,一共有多少张电影票？,10 3 320 15 214,n2 * n3,4800.0,
我县电影院，10月3号那天共卖电影票320张，每张票15元，还有214张没售出，售出的电影票比没售出的电影票多多少？,我县电影院， [NUM] 月 [NUM] 号那天共卖电影票 [NUM] 张，每张票 [NUM] 元，还有 [NUM] 张没售出，售出的电影票比没售出的电影票多多少？,售出的电影票比没售出的电影票多多少？,10 3 320 15 214,n2 * n3,4800.0,
我县电影院，10月3号那天共卖电影票320张，每张票15元，还有214张没售出，有多少元电影票未售出？,我县电影院， [NUM] 月 [NUM] 号那天共卖电影票 [NUM] 张，每张票 [NUM] 元，还有 [NUM] 张没售出，有多少元电影票未售出？,有多少元电影票未售出？,10 3 320 15 214,n2 * n3,4800.0,
小明的爸爸每月的工资是6000元，按规定收入超过5000元不超过8000元的部分按3%的税率缴纳个人所得税，小明的爸爸这个月的实际收入是多少钱？,小明的爸爸每月的工资是 [NUM] 元，按规定收入超过 [NUM] 元不超过 [NUM] 元的部分按 [NUM] 的税率缴纳个人所得税，小明的爸爸这个月的实际收入是多少钱？,小明的爸爸这个月的实际收入是多少钱？,6000 5000 8000 0.03,( n0 - n1 ) * n3,30.0,
学校操场长145米，宽84米，学校操场长比宽多多少米？,学校操场长 [NUM] 米，宽 [NUM] 米，学校操场长比宽多多少米？,学校操场长比宽多多少米？,145 84,n0 * n1,12180.0,
科技园内上午有游客892人，中午有255人离开，下午又来了304人，中午还剩下游客多少人？,科技园内上午有游客 [NUM] 人，中午有 [NUM] 人离开，下午又来了 [NUM] 人，中午还剩下游客多少人？,中午还剩下游客多少人？,892 255 304,( n0 - n1 ) + n2,941.0,
科技园内上午有游客892人，中午有255人离开，下午又来了304人，这一天科技园一共来了游客多少人？,科技园内上午有游客 [NUM] 人，中午有 [NUM] 人离开，下午又来了 [NUM] 人，这一天科技园一共来了游客多少人？,这一天科技园一共来了游客多少人？,892 255 304,( n0 - n1 ) + n2,941.0,
科技园内上午有游客892人，中午有255人离开，下午又来了304人，上午来的游客比下午来的多多少人？,科技园内上午有游客 [NUM] 人，中午有 [NUM] 人离开，下午又来了 [NUM] 人，上午来的游客比下午来的多多少人？,上午来的游客比下午来的多多少人？,892 255 304,( n0 - n1 ) + n2,941.0,
科技园内上午有游客892人，中午有255人离开，下午又来了304人，上午来的游客人数是下午来的多少倍？,科技园内上午有游客 [NUM] 人，中午有 [NUM] 人离开，下午又来了 [NUM] 人，上午来的游客人数是下午来的多少倍？,上午来的游客人数是下午来的多少倍？,892 255 304,( n0 - n1 ) + n2,941.0,
科技园内上午有游客892人，中午有255人离开，下午又来了304人，下午来的游客人数比中午离开的多多少人？,科技园内上午有游客 [NUM] 人，中午有 [NUM] 人离开，下午又来了 [NUM] 人，下午来的游客人数比中午离开的多多少人？,下午来的游客人数比中午离开的多多少人？,892 255 304,( n0 - n1 ) + n2,941.0,
科技园内上午有游客892人，中午有255人离开，下午又来了304人，下午来的游客人数是中午离开的多少倍？,科技园内上午有游客 [NUM] 人，中午有 [NUM] 人离开，下午又来了 [NUM] 人，下午来的游客人数是中午离开的多少倍？,下午来的游客人数是中午离开的多少倍？,892 255 304,( n0 - n1 ) + n2,941.0,
爸爸月工资4800元，按规定，月工资超过3500元的部分按5%缴纳个人收入所得税，爸爸的月工资需要缴税的部分是多少元？,爸爸月工资 [NUM] 元，按规定，月工资超过 [NUM] 元的部分按 [NUM] 缴纳个人收入所得税，爸爸的月工资需要缴税的部分是多少元？,爸爸的月工资需要缴税的部分是多少元？,4800 3500 0.05,n0 - ( ( n0 - n1 ) * n2 ),4735.0,
爸爸月工资4800元，按规定，月工资超过3500元的部分按5%缴纳个人收入所得税，爸爸的月工资需要缴税多少元？,爸爸月工资 [NUM] 元，按规定，月工资超过 [NUM] 元的部分按 [NUM] 缴纳个人收入所得税，爸爸的月工资需要缴税多少元？,爸爸的月工资需要缴税多少元？,4800 3500 0.05,n0 - ( ( n0 - n1 ) * n2 ),4735.0,
3只老虎8天一共吃掉72.84千克的鸡肉，平均每只老虎吃掉多少千克的鸡肉?, [NUM] 只老虎 [NUM] 天一共吃掉 [NUM] 千克的鸡肉，平均每只老虎吃掉多少千克的鸡肉?,平均每只老虎吃掉多少千克的鸡肉?,3 8 72.84,( n2 / n0 ) / n1,3.035,
商店有259千克苹果，已经卖出135千克苹果，商店苹果总重量是卖出的苹果的多少倍？,商店有 [NUM] 千克苹果，已经卖出 [NUM] 千克苹果，商店苹果总重量是卖出的苹果的多少倍？,商店苹果总重量是卖出的苹果的多少倍？,259 135,n0 - n1,124.0,
商店有259千克苹果，已经卖出135千克苹果，卖出的苹果重量与商店苹果总重量的比是多少？,商店有 [NUM] 千克苹果，已经卖出 [NUM] 千克苹果，卖出的苹果重量与商店苹果总重量的比是多少？,卖出的苹果重量与商店苹果总重量的比是多少？,259 135,n0 - n1,124.0,
小欢读一本183页的故事书，第一天读了46页．第二天读了54页．第一天读完还剩多少页没读？,小欢读一本 [NUM] 页的故事书，第一天读了 [NUM] 页．第二天读了 [NUM] 页．第一天读完还剩多少页没读？,第一天读完还剩多少页没读？,183 46 54,n1 + n2,100.0,
小欢读一本183页的故事书，第一天读了46页．第二天读了54页．第二天读的比第一天读的多多少页？,小欢读一本 [NUM] 页的故事书，第一天读了 [NUM] 页．第二天读了 [NUM] 页．第二天读的比第一天读的多多少页？,第二天读的比第一天读的多多少页？,183 46 54,n1 + n2,100.0,
小欢读一本183页的故事书，第一天读了46页．第二天读了54页．还剩下多少页没有读？,小欢读一本 [NUM] 页的故事书，第一天读了 [NUM] 页．第二天读了 [NUM] 页．还剩下多少页没有读？,还剩下多少页没有读？,183 46 54,n1 + n2,100.0,
王老师到体育用品商店买球。其中篮球每个49元，足球每个50元，橄榄球每个20元。篮球单价比橄榄球单价贵多少元？,王老师到体育用品商店买球。其中篮球每个 [NUM] 元，足球每个 [NUM] 元，橄榄球每个 [NUM] 元。篮球单价比橄榄球单价贵多少元？,篮球单价比橄榄球单价贵多少元？,49 50 20,n0 / n1,0.98,
王老师到体育用品商店买球。其中篮球每个49元，足球每个50元，橄榄球每个20元。篮球单价与橄榄球单价的比是多少？,王老师到体育用品商店买球。其中篮球每个 [NUM] 元，足球每个 [NUM] 元，橄榄球每个 [NUM] 元。篮球单价与橄榄球单价的比是多少？,篮球单价与橄榄球单价的比是多少？,49 50 20,n0 / n1,0.98,
王老师到体育用品商店买球。其中篮球每个49元，足球每个50元，橄榄球每个20元。足球单价比篮球单价贵多少元？,王老师到体育用品商店买球。其中篮球每个 [NUM] 元，足球每个 [NUM] 元，橄榄球每个 [NUM] 元。足球单价比篮球单价贵多少元？,足球单价比篮球单价贵多少元？,49 50 20,n0 / n1,0.98,
王老师到体育用品商店买球。其中篮球每个49元，足球每个50元，橄榄球每个20元。足球单价与篮球单价的比是多少？,王老师到体育用品商店买球。其中篮球每个 [NUM] 元，足球每个 [NUM] 元，橄榄球每个 [NUM] 元。足球单价与篮球单价的比是多少？,足球单价与篮球单价的比是多少？,49 50 20,n0 / n1,0.98,
王老师到体育用品商店买球。其中篮球每个49元，足球每个50元，橄榄球每个20元。足球单价比橄榄球单价贵多少元？,王老师到体育用品商店买球。其中篮球每个 [NUM] 元，足球每个 [NUM] 元，橄榄球每个 [NUM] 元。足球单价比橄榄球单价贵多少元？,足球单价比橄榄球单价贵多少元？,49 50 20,n0 / n1,0.98,
王老师到体育用品商店买球。其中篮球每个49元，足球每个50元，橄榄球每个20元。足球单价与橄榄球单价的比是多少？,王老师到体育用品商店买球。其中篮球每个 [NUM] 元，足球每个 [NUM] 元，橄榄球每个 [NUM] 元。足球单价与橄榄球单价的比是多少？,足球单价与橄榄球单价的比是多少？,49 50 20,n0 / n1,0.98,
王老师到体育用品商店买球。其中篮球每个49元，足球每个50元，橄榄球每个20元。橄榄球单价与篮球单价的比是多少？,王老师到体育用品商店买球。其中篮球每个 [NUM] 元，足球每个 [NUM] 元，橄榄球每个 [NUM] 元。橄榄球单价与篮球单价的比是多少？,橄榄球单价与篮球单价的比是多少？,49 50 20,n0 / n1,0.98,
王老师到体育用品商店买球。其中篮球每个49元，足球每个50元，橄榄球每个20元。橄榄球单价与足球单价的比是多少？,王老师到体育用品商店买球。其中篮球每个 [NUM] 元，足球每个 [NUM] 元，橄榄球每个 [NUM] 元。橄榄球单价与足球单价的比是多少？,橄榄球单价与足球单价的比是多少？,49 50 20,n0 / n1,0.98,
有20克盐，现在需要加水稀释成含盐率是5%的盐水，需要加水多少克？,有 [NUM] 克盐，现在需要加水稀释成含盐率是 [NUM] 的盐水，需要加水多少克？,需要加水多少克？,20 0.05,n0 / n1,400.0,
一捆电线上午用去155米，下午用去208米，还剩97米．这捆电线上午用的是下午用的几倍？,一捆电线上午用去 [NUM] 米，下午用去 [NUM] 米，还剩 [NUM] 米．这捆电线上午用的是下午用的几倍？,这捆电线上午用的是下午用的几倍？,155 208 97,n0 + n1,363.0,
一捆电线上午用去155米，下午用去208米，还剩97米．这捆电线下午比上午多用了多少米？,一捆电线上午用去 [NUM] 米，下午用去 [NUM] 米，还剩 [NUM] 米．这捆电线下午比上午多用了多少米？,这捆电线下午比上午多用了多少米？,155 208 97,n0 + n1,363.0,
一捆电线上午用去155米，下午用去208米，还剩97米．这捆电线下午用的是上午用的几倍？,一捆电线上午用去 [NUM] 米，下午用去 [NUM] 米，还剩 [NUM] 米．这捆电线下午用的是上午用的几倍？,这捆电线下午用的是上午用的几倍？,155 208 97,n0 + n1,363.0,
一捆电线上午用去155米，下午用去208米，还剩97米．这捆电线原来有多少米？,一捆电线上午用去 [NUM] 米，下午用去 [NUM] 米，还剩 [NUM] 米．这捆电线原来有多少米？,这捆电线原来有多少米？,155 208 97,n0 + n1,363.0,
一台空调扇558元，一台学习机225元，小红的爸爸要买这2种商品，他需要准备多少钱？,一台空调扇 [NUM] 元，一台学习机 [NUM] 元，小红的爸爸要买这 [NUM] 种商品，他需要准备多少钱？,他需要准备多少钱？,558 225 2,n0 - n1,333.0,
一台空调扇558元，一台学习机225元，小红的爸爸要买这2种商品，空调扇的单价与学习机的单价的比是多少？,一台空调扇 [NUM] 元，一台学习机 [NUM] 元，小红的爸爸要买这 [NUM] 种商品，空调扇的单价与学习机的单价的比是多少？,空调扇的单价与学习机的单价的比是多少？,558 225 2,n0 - n1,333.0,
一台空调扇558元，一台学习机225元，小红的爸爸要买这2种商品，学习机的单价与空调扇的单价的比是多少？,一台空调扇 [NUM] 元，一台学习机 [NUM] 元，小红的爸爸要买这 [NUM] 种商品，学习机的单价与空调扇的单价的比是多少？,学习机的单价与空调扇的单价的比是多少？,558 225 2,n0 - n1,333.0,
小强投了6.35米，小华比小强多投0.28米，小强和小华一共投了多少米？,小强投了 [NUM] 米，小华比小强多投 [NUM] 米，小强和小华一共投了多少米？,小强和小华一共投了多少米？,6.35 0.28,n0 + n1,6.63,
一种日记本的单价是2.38元，买15个，买15个日记本需要多少元？,一种日记本的单价是 [NUM] 元，买 [NUM] 个，买 [NUM] 个日记本需要多少元？,买 [NUM] 个日记本需要多少元？,2.38 15 15,n2 - ( n0 * n1 ),-20.7,
某电脑公司运来738台电脑，已经卖了15天，还剩168台没有卖，卖了多少台？,某电脑公司运来 [NUM] 台电脑，已经卖了 [NUM] 天，还剩 [NUM] 台没有卖，卖了多少台？,卖了多少台？,738 15 168,( n0 - n2 ) / n1,38.0,
某电脑公司运来738台电脑，已经卖了15天，还剩168台没有卖，剩下没卖的电脑占原来总电脑数量的比例是多少？,某电脑公司运来 [NUM] 台电脑，已经卖了 [NUM] 天，还剩 [NUM] 台没有卖，剩下没卖的电脑占原来总电脑数量的比例是多少？,剩下没卖的电脑占原来总电脑数量的比例是多少？,738 15 168,( n0 - n2 ) / n1,38.0,
学校买来3盒羽毛球，每盒12只。现在要把这些羽毛球装在4个盒子里，总共有多少只羽毛球？,学校买来 [NUM] 盒羽毛球，每盒 [NUM] 只。现在要把这些羽毛球装在 [NUM] 个盒子里，总共有多少只羽毛球？,总共有多少只羽毛球？,3 12 4,( n1 * n0 ) / n2,9.0,
光明小学三年级一班6个小组为四川地震灾区捐款624元，三年级二班5个小组共捐款705元．三年级两个班共捐款多少元？,光明小学三年级一班 [NUM] 个小组为四川地震灾区捐款 [NUM] 元，三年级二班 [NUM] 个小组共捐款 [NUM] 元．三年级两个班共捐款多少元？,三年级两个班共捐款多少元？,6 624 5 705,n3 / n1,1.1298,
光明小学三年级一班6个小组为四川地震灾区捐款624元，三年级二班5个小组共捐款705元．三年级二班比三年级一班多捐款多少元？,光明小学三年级一班 [NUM] 个小组为四川地震灾区捐款 [NUM] 元，三年级二班 [NUM] 个小组共捐款 [NUM] 元．三年级二班比三年级一班多捐款多少元？,三年级二班比三年级一班多捐款多少元？,6 624 5 705,n3 / n1,1.1298,
光明小学三年级一班6个小组为四川地震灾区捐款624元，三年级二班5个小组共捐款705元．三年级一班平均每个小组捐款多少钱？,光明小学三年级一班 [NUM] 个小组为四川地震灾区捐款 [NUM] 元，三年级二班 [NUM] 个小组共捐款 [NUM] 元．三年级一班平均每个小组捐款多少钱？,三年级一班平均每个小组捐款多少钱？,6 624 5 705,n3 / n1,1.1298,
光明小学三年级一班6个小组为四川地震灾区捐款624元，三年级二班5个小组共捐款705元．三年级二班平均每个小组捐款多少钱？,光明小学三年级一班 [NUM] 个小组为四川地震灾区捐款 [NUM] 元，三年级二班 [NUM] 个小组共捐款 [NUM] 元．三年级二班平均每个小组捐款多少钱？,三年级二班平均每个小组捐款多少钱？,6 624 5 705,n3 / n1,1.1298,
光明小学三年级一班6个小组为四川地震灾区捐款624元，三年级二班5个小组共捐款705元．三年级二班平均每个小组捐款比三年级一班多多少钱？,光明小学三年级一班 [NUM] 个小组为四川地震灾区捐款 [NUM] 元，三年级二班 [NUM] 个小组共捐款 [NUM] 元．三年级二班平均每个小组捐款比三年级一班多多少钱？,三年级二班平均每个小组捐款比三年级一班多多少钱？,6 624 5 705,n3 / n1,1.1298,
光明小学三年级一班6个小组为四川地震灾区捐款624元，三年级二班5个小组共捐款705元．三年级二班平均每个小组捐款是三年级一班的多少倍？,光明小学三年级一班 [NUM] 个小组为四川地震灾区捐款 [NUM] 元，三年级二班 [NUM] 个小组共捐款 [NUM] 元．三年级二班平均每个小组捐款是三年级一班的多少倍？,三年级二班平均每个小组捐款是三年级一班的多少倍？,6 624 5 705,n3 / n1,1.1298,
一个果园的形状是一个平行四边形．它的底是340米，高是150米，如果每棵果树占地10平方米，果园的底比高多多少米？,一个果园的形状是一个平行四边形．它的底是 [NUM] 米，高是 [NUM] 米，如果每棵果树占地 [NUM] 平方米，果园的底比高多多少米？,果园的底比高多多少米？,340 150 10,( n0 * n1 ) / n2,5100.0,
一个果园的形状是一个平行四边形．它的底是340米，高是150米，如果每棵果树占地10平方米，果园的面积是多少平方米？,一个果园的形状是一个平行四边形．它的底是 [NUM] 米，高是 [NUM] 米，如果每棵果树占地 [NUM] 平方米，果园的面积是多少平方米？,果园的面积是多少平方米？,340 150 10,( n0 * n1 ) / n2,5100.0,
一个果园的形状是一个平行四边形．它的底是340米，高是150米，如果每棵果树占地10平方米，果园的底是高的几倍？,一个果园的形状是一个平行四边形．它的底是 [NUM] 米，高是 [NUM] 米，如果每棵果树占地 [NUM] 平方米，果园的底是高的几倍？,果园的底是高的几倍？,340 150 10,( n0 * n1 ) / n2,5100.0,
学校图书馆新买了一批书，其中科技书有470本，比故事书少230本．故事书和科技书共有多少本？,学校图书馆新买了一批书，其中科技书有 [NUM] 本，比故事书少 [NUM] 本．故事书和科技书共有多少本？,故事书和科技书共有多少本？,470 230,n0 + n1,700.0,
庄溪小学三年级三个班的同学到清江边捡垃圾，三(1)班捡垃圾85千克，三(2)班捡垃圾74千克，三(3)捡的垃圾比三(1)班多6千克，三(1)班捡的垃圾比三(2)班多多少千克？,庄溪小学三年级三个班的同学到清江边捡垃圾，三( [NUM] )班捡垃圾 [NUM] 千克，三( [NUM] )班捡垃圾 [NUM] 千克，三( [NUM] )捡的垃圾比三( [NUM] )班多 [NUM] 千克，三( [NUM] )班捡的垃圾比三( [NUM] )班多多少千克？,三( [NUM] )班捡的垃圾比三( [NUM] )班多多少千克？,1 85 2 74 3 1 6 1 2,( n1 + n6 ) - n3,17.0,
庄溪小学三年级三个班的同学到清江边捡垃圾，三(1)班捡垃圾85千克，三(2)班捡垃圾74千克，三(3)捡的垃圾比三(1)班多6千克，三(3)班和三(1)班共捡垃圾多少千克？,庄溪小学三年级三个班的同学到清江边捡垃圾，三( [NUM] )班捡垃圾 [NUM] 千克，三( [NUM] )班捡垃圾 [NUM] 千克，三( [NUM] )捡的垃圾比三( [NUM] )班多 [NUM] 千克，三( [NUM] )班和三( [NUM] )班共捡垃圾多少千克？,三( [NUM] )班和三( [NUM] )班共捡垃圾多少千克？,1 85 2 74 3 1 6 3 1,( n1 + n6 ) - n3,17.0,
庄溪小学三年级三个班的同学到清江边捡垃圾，三(1)班捡垃圾85千克，三(2)班捡垃圾74千克，三(3)捡的垃圾比三(1)班多6千克，三(3)班和三(2)班共捡垃圾多少千克？,庄溪小学三年级三个班的同学到清江边捡垃圾，三( [NUM] )班捡垃圾 [NUM] 千克，三( [NUM] )班捡垃圾 [NUM] 千克，三( [NUM] )捡的垃圾比三( [NUM] )班多 [NUM] 千克，三( [NUM] )班和三( [NUM] )班共捡垃圾多少千克？,三( [NUM] )班和三( [NUM] )班共捡垃圾多少千克？,1 85 2 74 3 1 6 3 2,( n1 + n6 ) - n3,17.0,
学校购买了一批科普图书。学校共有29个班，每班发56本，还剩下30本。一共发了多少本？,学校购买了一批科普图书。学校共有 [NUM] 个班，每班发 [NUM] 本，还剩下 [NUM] 本。一共发了多少本？,一共发了多少本？,29 56 30,( n0 * n1 ) + n2,1654.0,
商店有8盒羽毛球，每盒5个，卖了12个后，商店共有多少个羽毛球？,商店有 [NUM] 盒羽毛球，每盒 [NUM] 个，卖了 [NUM] 个后，商店共有多少个羽毛球？,商店共有多少个羽毛球？,8 5 12,( n0 * n1 ) - n2,28.0,
王老师从家骑自行车去学校，每小时骑行16.5千米，0.2小时可到达。如果他改为步行，每小时走4.5千米，王老师家距离学校有多远？,王老师从家骑自行车去学校，每小时骑行 [NUM] 千米， [NUM] 小时可到达。如果他改为步行，每小时走 [NUM] 千米，王老师家距离学校有多远？,王老师家距离学校有多远？,16.5 0.2 4.5,n0 - n2,12.0,
王老师从家骑自行车去学校，每小时骑行16.5千米，0.2小时可到达。如果他改为步行，每小时走4.5千米，王老师每小时骑行的路程是每小时步行的路程的几倍？,王老师从家骑自行车去学校，每小时骑行 [NUM] 千米， [NUM] 小时可到达。如果他改为步行，每小时走 [NUM] 千米，王老师每小时骑行的路程是每小时步行的路程的几倍？,王老师每小时骑行的路程是每小时步行的路程的几倍？,16.5 0.2 4.5,n0 - n2,12.0,
王老师从家骑自行车去学校，每小时骑行16.5千米，0.2小时可到达。如果他改为步行，每小时走4.5千米，王老师每小时步行的路程是每小时骑行的路程的几倍？,王老师从家骑自行车去学校，每小时骑行 [NUM] 千米， [NUM] 小时可到达。如果他改为步行，每小时走 [NUM] 千米，王老师每小时步行的路程是每小时骑行的路程的几倍？,王老师每小时步行的路程是每小时骑行的路程的几倍？,16.5 0.2 4.5,n0 - n2,12.0,
王老师从家骑自行车去学校，每小时骑行16.5千米，0.2小时可到达。如果他改为步行，每小时走4.5千米，需要多久到学校？,王老师从家骑自行车去学校，每小时骑行 [NUM] 千米， [NUM] 小时可到达。如果他改为步行，每小时走 [NUM] 千米，需要多久到学校？,需要多久到学校？,16.5 0.2 4.5,n0 - n2,12.0,
施工队要修一条1200米的公路，修了6天，还剩540米没修。施工队已经修了多少米？,施工队要修一条 [NUM] 米的公路，修了 [NUM] 天，还剩 [NUM] 米没修。施工队已经修了多少米？,施工队已经修了多少米？,1200 6 540,( n0 - n2 ) / n1,110.0,
施工队要修一条1200米的公路，修了6天，还剩540米没修。没修的公路占总长的比例是多少？,施工队要修一条 [NUM] 米的公路，修了 [NUM] 天，还剩 [NUM] 米没修。没修的公路占总长的比例是多少？,没修的公路占总长的比例是多少？,1200 6 540,( n0 - n2 ) / n1,110.0,
水果店运来8筐苹果，每筐42千克，运来的梨的重量是苹果的3倍，运来梨有多少千克？,水果店运来 [NUM] 筐苹果，每筐 [NUM] 千克，运来的梨的重量是苹果的 [NUM] 倍，运来梨有多少千克？,运来梨有多少千克？,8 42 3,n1 * n0,336.0,
水果店运来8筐苹果，每筐42千克，运来的梨的重量是苹果的3倍，运来梨比苹果多多少千克？,水果店运来 [NUM] 筐苹果，每筐 [NUM] 千克，运来的梨的重量是苹果的 [NUM] 倍，运来梨比苹果多多少千克？,运来梨比苹果多多少千克？,8 42 3,n1 * n0,336.0,
水果店运来8筐苹果，每筐42千克，运来的梨的重量是苹果的3倍，运来梨和苹果总共多少千克？,水果店运来 [NUM] 筐苹果，每筐 [NUM] 千克，运来的梨的重量是苹果的 [NUM] 倍，运来梨和苹果总共多少千克？,运来梨和苹果总共多少千克？,8 42 3,n1 * n0,336.0,
公园有块平行四边形的草地，底是25米，高是28米．里面摆放的盆景每盆占地2.5平方米，平行四边形草地的面积是多少平方米？,公园有块平行四边形的草地，底是 [NUM] 米，高是 [NUM] 米．里面摆放的盆景每盆占地 [NUM] 平方米，平行四边形草地的面积是多少平方米？,平行四边形草地的面积是多少平方米？,25 28 2.5,n1 - n0,3.0,
公园有块平行四边形的草地，底是25米，高是28米．里面摆放的盆景每盆占地2.5平方米，平行四边形草地的高的长是底的多少倍？,公园有块平行四边形的草地，底是 [NUM] 米，高是 [NUM] 米．里面摆放的盆景每盆占地 [NUM] 平方米，平行四边形草地的高的长是底的多少倍？,平行四边形草地的高的长是底的多少倍？,25 28 2.5,n1 - n0,3.0,
公园有块平行四边形的草地，底是25米，高是28米．里面摆放的盆景每盆占地2.5平方米，一共可以摆放多少盆盆景？,公园有块平行四边形的草地，底是 [NUM] 米，高是 [NUM] 米．里面摆放的盆景每盆占地 [NUM] 平方米，一共可以摆放多少盆盆景？,一共可以摆放多少盆盆景？,25 28 2.5,n1 - n0,3.0,
你调查到银行的存款利率是4.75%，根据你的调查，王经理计划贷款10万元用于企业生产经营，贷款时间为2年，王经理每年需还利息多少元？,你调查到银行的存款利率是 [NUM] ，根据你的调查，王经理计划贷款 [NUM] 万元用于企业生产经营，贷款时间为 [NUM] 年，王经理每年需还利息多少元？,王经理每年需还利息多少元？,0.0475 10 2,( n1 * n0 ) * n2,0.95,
你调查到银行的存款利率是4.75%，根据你的调查，王经理计划贷款10万元用于企业生产经营，贷款时间为2年，到期时王经理应还给银行多少万元？,你调查到银行的存款利率是 [NUM] ，根据你的调查，王经理计划贷款 [NUM] 万元用于企业生产经营，贷款时间为 [NUM] 年，到期时王经理应还给银行多少万元？,到期时王经理应还给银行多少万元？,0.0475 10 2,( n1 * n0 ) * n2,0.95,
小明的妈妈买了2.5千克苹果和3.2千克荔枝，每千克苹果2.8元，每千克荔枝比每千克苹果贵7.7元，买苹果要多少元？,小明的妈妈买了 [NUM] 千克苹果和 [NUM] 千克荔枝，每千克苹果 [NUM] 元，每千克荔枝比每千克苹果贵 [NUM] 元，买苹果要多少元？,买苹果要多少元？,2.5 3.2 2.8 7.7,n1 * ( n2 + n3 ) - ( n0 * n2 ),26.6,
小明的妈妈买了2.5千克苹果和3.2千克荔枝，每千克苹果2.8元，每千克荔枝比每千克苹果贵7.7元，每千克荔枝多少元？,小明的妈妈买了 [NUM] 千克苹果和 [NUM] 千克荔枝，每千克苹果 [NUM] 元，每千克荔枝比每千克苹果贵 [NUM] 元，每千克荔枝多少元？,每千克荔枝多少元？,2.5 3.2 2.8 7.7,n1 * ( n2 + n3 ) - ( n0 * n2 ),26.6,
小明的妈妈买了2.5千克苹果和3.2千克荔枝，每千克苹果2.8元，每千克荔枝比每千克苹果贵7.7元，买荔枝要多少元？,小明的妈妈买了 [NUM] 千克苹果和 [NUM] 千克荔枝，每千克苹果 [NUM] 元，每千克荔枝比每千克苹果贵 [NUM] 元，买荔枝要多少元？,买荔枝要多少元？,2.5 3.2 2.8 7.7,n1 * ( n2 + n3 ) - ( n0 * n2 ),26.6,
小明的妈妈买了2.5千克苹果和3.2千克荔枝，每千克苹果2.8元，每千克荔枝比每千克苹果贵7.7元，妈妈一共要付多少钱？,小明的妈妈买了 [NUM] 千克苹果和 [NUM] 千克荔枝，每千克苹果 [NUM] 元，每千克荔枝比每千克苹果贵 [NUM] 元，妈妈一共要付多少钱？,妈妈一共要付多少钱？,2.5 3.2 2.8 7.7,n1 * ( n2 + n3 ) - ( n0 * n2 ),26.6,
人行道长180米，宽3米，要在上面铺石砖，如果每铺9平方米需要6元，人行道面积是多少平方米？,人行道长 [NUM] 米，宽 [NUM] 米，要在上面铺石砖，如果每铺 [NUM] 平方米需要 [NUM] 元，人行道面积是多少平方米？,人行道面积是多少平方米？,180 3 9 6,n0 - n1,177.0,
人行道长180米，宽3米，要在上面铺石砖，如果每铺9平方米需要6元，人行道长是宽的几倍,人行道长 [NUM] 米，宽 [NUM] 米，要在上面铺石砖，如果每铺 [NUM] 平方米需要 [NUM] 元，人行道长是宽的几倍,人行道长是宽的几倍,180 3 9 6,n0 - n1,177.0,
人行道长180米，宽3米，要在上面铺石砖，如果每铺9平方米需要6元，那么铺完这条人行道一共需要多少钱？,人行道长 [NUM] 米，宽 [NUM] 米，要在上面铺石砖，如果每铺 [NUM] 平方米需要 [NUM] 元，那么铺完这条人行道一共需要多少钱？,那么铺完这条人行道一共需要多少钱？,180 3 9 6,n0 - n1,177.0,
李老师编写了一本儿童读物，在出版社出版后获得稿费2300元．按规定，稿费收入扣除800元后按14%的税率缴纳个人所得税，李老师应缴纳个人所得税多少元？,李老师编写了一本儿童读物，在出版社出版后获得稿费 [NUM] 元．按规定，稿费收入扣除 [NUM] 元后按 [NUM] 的税率缴纳个人所得税，李老师应缴纳个人所得税多少元？,李老师应缴纳个人所得税多少元？,2300 800 0.14,n0 - n1,1500.0,
一块麦田宽25米，麦田的长是宽的4倍，如果每平方米收小麦2千克，麦田的长是多少米？,一块麦田宽 [NUM] 米，麦田的长是宽的 [NUM] 倍，如果每平方米收小麦 [NUM] 千克，麦田的长是多少米？,麦田的长是多少米？,25 4 2,( ( n0 * n1 ) * n0 ) * n2,5000.0,
一块麦田宽25米，麦田的长是宽的4倍，如果每平方米收小麦2千克，麦田的面积是多少平方米？,一块麦田宽 [NUM] 米，麦田的长是宽的 [NUM] 倍，如果每平方米收小麦 [NUM] 千克，麦田的面积是多少平方米？,麦田的面积是多少平方米？,25 4 2,( ( n0 * n1 ) * n0 ) * n2,5000.0,
一块麦田宽25米，麦田的长是宽的4倍，如果每平方米收小麦2千克，麦田的长比宽多多少米？,一块麦田宽 [NUM] 米，麦田的长是宽的 [NUM] 倍，如果每平方米收小麦 [NUM] 千克，麦田的长比宽多多少米？,麦田的长比宽多多少米？,25 4 2,( ( n0 * n1 ) * n0 ) * n2,5000.0,
"学校有26个篮球,排球个数比篮球的12倍少4个。排球和篮球共有多少个？","学校有 [NUM] 个篮球,排球个数比篮球的 [NUM] 倍少 [NUM] 个。排球和篮球共有多少个？",排球和篮球共有多少个？,26 12 4,( n0 * n1 ) - n2,308.0,
"学校有26个篮球,排球个数比篮球的12倍少4个。排球比篮球多多少个？","学校有 [NUM] 个篮球,排球个数比篮球的 [NUM] 倍少 [NUM] 个。排球比篮球多多少个？",排球比篮球多多少个？,26 12 4,( n0 * n1 ) - n2,308.0,
电器城国庆节搞促销活动，李阿姨买了一台价格为1899元的洗衣机，先付了900元，余下的用信用卡分期付款，每月付350元，还剩多少元没付？,电器城国庆节搞促销活动，李阿姨买了一台价格为 [NUM] 元的洗衣机，先付了 [NUM] 元，余下的用信用卡分期付款，每月付 [NUM] 元，还剩多少元没付？,还剩多少元没付？,1899 900 350,( n0 - n1 ) / n2,2.8543,
电器城国庆节搞促销活动，李阿姨买了一台价格为1899元的洗衣机，先付了900元，余下的用信用卡分期付款，每月付350元，剩余没付的钱比每月付给信用卡的钱多多少元？,电器城国庆节搞促销活动，李阿姨买了一台价格为 [NUM] 元的洗衣机，先付了 [NUM] 元，余下的用信用卡分期付款，每月付 [NUM] 元，剩余没付的钱比每月付给信用卡的钱多多少元？,剩余没付的钱比每月付给信用卡的钱多多少元？,1899 900 350,( n0 - n1 ) / n2,2.8543,
小红离学校大约4000米，小兰离学校大约3000米，其中两家在学校的两侧，三个地方在同一条路上，她们两家相距多少米？,小红离学校大约 [NUM] 米，小兰离学校大约 [NUM] 米，其中两家在学校的两侧，三个地方在同一条路上，她们两家相距多少米？,她们两家相距多少米？,4000 3000,n1 / n0,0.75,
小红离学校大约4000米，小兰离学校大约3000米，其中两家在学校的两侧，三个地方在同一条路上，小红离学校的距离比小兰离学校的距离多多少米？,小红离学校大约 [NUM] 米，小兰离学校大约 [NUM] 米，其中两家在学校的两侧，三个地方在同一条路上，小红离学校的距离比小兰离学校的距离多多少米？,小红离学校的距离比小兰离学校的距离多多少米？,4000 3000,n1 / n0,0.75,
小红离学校大约4000米，小兰离学校大约3000米，其中两家在学校的两侧，三个地方在同一条路上，小红离学校的距离与小兰离学校的距离的比是多少？,小红离学校大约 [NUM] 米，小兰离学校大约 [NUM] 米，其中两家在学校的两侧，三个地方在同一条路上，小红离学校的距离与小兰离学校的距离的比是多少？,小红离学校的距离与小兰离学校的距离的比是多少？,4000 3000,n1 / n0,0.75,
孙老师获得稿费1000元，但需要按照3%缴纳个人所得税，纳税后他实际得到多少元？,孙老师获得稿费 [NUM] 元，但需要按照 [NUM] 缴纳个人所得税，纳税后他实际得到多少元？,纳税后他实际得到多少元？,1000 0.03,n0 * n1,30.0,
同学们比赛跳绳，小明跳了35下，小芳比小明多跳16下，小军比小明少跳6下．同学们比赛跳绳，小芳跳了多少下？,同学们比赛跳绳，小明跳了 [NUM] 下，小芳比小明多跳 [NUM] 下，小军比小明少跳 [NUM] 下．同学们比赛跳绳，小芳跳了多少下？,同学们比赛跳绳，小芳跳了多少下？,35 16 6,( n0 - n2 ) + n0,64.0,
同学们比赛跳绳，小明跳了35下，小芳比小明多跳16下，小军比小明少跳6下．同学们比赛跳绳，小军跳了多少下？,同学们比赛跳绳，小明跳了 [NUM] 下，小芳比小明多跳 [NUM] 下，小军比小明少跳 [NUM] 下．同学们比赛跳绳，小军跳了多少下？,同学们比赛跳绳，小军跳了多少下？,35 16 6,( n0 - n2 ) + n0,64.0,
同学们比赛跳绳，小明跳了35下，小芳比小明多跳16下，小军比小明少跳6下．同学们比赛跳绳，小芳比小军多跳多少下？,同学们比赛跳绳，小明跳了 [NUM] 下，小芳比小明多跳 [NUM] 下，小军比小明少跳 [NUM] 下．同学们比赛跳绳，小芳比小军多跳多少下？,同学们比赛跳绳，小芳比小军多跳多少下？,35 16 6,( n0 - n2 ) + n0,64.0,
服装超市里裤子每条178元，羊毛衫每件289元，皮靴每双165元，奶奶带了600元，这些商品各买一件，裤子和羊毛衫各买一件需要多少元？,服装超市里裤子每条 [NUM] 元，羊毛衫每件 [NUM] 元，皮靴每双 [NUM] 元，奶奶带了 [NUM] 元，这些商品各买一件，裤子和羊毛衫各买一件需要多少元？,裤子和羊毛衫各买一件需要多少元？,178 289 165 600,( ( n0 + n1 ) + n2 ) - n3,32.0,
服装超市里裤子每条178元，羊毛衫每件289元，皮靴每双165元，奶奶带了600元，这些商品各买一件，裤子单价和羊毛衫单价的比是多少？,服装超市里裤子每条 [NUM] 元，羊毛衫每件 [NUM] 元，皮靴每双 [NUM] 元，奶奶带了 [NUM] 元，这些商品各买一件，裤子单价和羊毛衫单价的比是多少？,裤子单价和羊毛衫单价的比是多少？,178 289 165 600,( ( n0 + n1 ) + n2 ) - n3,32.0,
服装超市里裤子每条178元，羊毛衫每件289元，皮靴每双165元，奶奶带了600元，这些商品各买一件，裤子和皮靴各买一件需要多少元？,服装超市里裤子每条 [NUM] 元，羊毛衫每件 [NUM] 元，皮靴每双 [NUM] 元，奶奶带了 [NUM] 元，这些商品各买一件，裤子和皮靴各买一件需要多少元？,裤子和皮靴各买一件需要多少元？,178 289 165 600,( ( n0 + n1 ) + n2 ) - n3,32.0,
服装超市里裤子每条178元，羊毛衫每件289元，皮靴每双165元，奶奶带了600元，这些商品各买一件，裤子单价比皮靴贵多少元？,服装超市里裤子每条 [NUM] 元，羊毛衫每件 [NUM] 元，皮靴每双 [NUM] 元，奶奶带了 [NUM] 元，这些商品各买一件，裤子单价比皮靴贵多少元？,裤子单价比皮靴贵多少元？,178 289 165 600,( ( n0 + n1 ) + n2 ) - n3,32.0,
服装超市里裤子每条178元，羊毛衫每件289元，皮靴每双165元，奶奶带了600元，这些商品各买一件，裤子单价和皮靴单价的比是多少？,服装超市里裤子每条 [NUM] 元，羊毛衫每件 [NUM] 元，皮靴每双 [NUM] 元，奶奶带了 [NUM] 元，这些商品各买一件，裤子单价和皮靴单价的比是多少？,裤子单价和皮靴单价的比是多少？,178 289 165 600,( ( n0 + n1 ) + n2 ) - n3,32.0,
服装超市里裤子每条178元，羊毛衫每件289元，皮靴每双165元，奶奶带了600元，这些商品各买一件，羊毛衫单价比裤子贵多少元？,服装超市里裤子每条 [NUM] 元，羊毛衫每件 [NUM] 元，皮靴每双 [NUM] 元，奶奶带了 [NUM] 元，这些商品各买一件，羊毛衫单价比裤子贵多少元？,羊毛衫单价比裤子贵多少元？,178 289 165 600,( ( n0 + n1 ) + n2 ) - n3,32.0,
服装超市里裤子每条178元，羊毛衫每件289元，皮靴每双165元，奶奶带了600元，这些商品各买一件，羊毛衫和皮靴各买一件需要多少元？,服装超市里裤子每条 [NUM] 元，羊毛衫每件 [NUM] 元，皮靴每双 [NUM] 元，奶奶带了 [NUM] 元，这些商品各买一件，羊毛衫和皮靴各买一件需要多少元？,羊毛衫和皮靴各买一件需要多少元？,178 289 165 600,( ( n0 + n1 ) + n2 ) - n3,32.0,
服装超市里裤子每条178元，羊毛衫每件289元，皮靴每双165元，奶奶带了600元，这些商品各买一件，羊毛衫单价比皮靴贵多少元？,服装超市里裤子每条 [NUM] 元，羊毛衫每件 [NUM] 元，皮靴每双 [NUM] 元，奶奶带了 [NUM] 元，这些商品各买一件，羊毛衫单价比皮靴贵多少元？,羊毛衫单价比皮靴贵多少元？,178 289 165 600,( ( n0 + n1 ) + n2 ) - n3,32.0,
服装超市里裤子每条178元，羊毛衫每件289元，皮靴每双165元，奶奶带了600元，这些商品各买一件，羊毛衫单价和皮靴单价的比是多少？,服装超市里裤子每条 [NUM] 元，羊毛衫每件 [NUM] 元，皮靴每双 [NUM] 元，奶奶带了 [NUM] 元，这些商品各买一件，羊毛衫单价和皮靴单价的比是多少？,羊毛衫单价和皮靴单价的比是多少？,178 289 165 600,( ( n0 + n1 ) + n2 ) - n3,32.0,
服装超市里裤子每条178元，羊毛衫每件289元，皮靴每双165元，奶奶带了600元，这些商品各买一件，奶奶买了裤子后还剩多少元？,服装超市里裤子每条 [NUM] 元，羊毛衫每件 [NUM] 元，皮靴每双 [NUM] 元，奶奶带了 [NUM] 元，这些商品各买一件，奶奶买了裤子后还剩多少元？,奶奶买了裤子后还剩多少元？,178 289 165 600,( ( n0 + n1 ) + n2 ) - n3,32.0,
服装超市里裤子每条178元，羊毛衫每件289元，皮靴每双165元，奶奶带了600元，这些商品各买一件，奶奶买了羊毛衫后还剩多少元？,服装超市里裤子每条 [NUM] 元，羊毛衫每件 [NUM] 元，皮靴每双 [NUM] 元，奶奶带了 [NUM] 元，这些商品各买一件，奶奶买了羊毛衫后还剩多少元？,奶奶买了羊毛衫后还剩多少元？,178 289 165 600,( ( n0 + n1 ) + n2 ) - n3,32.0,
服装超市里裤子每条178元，羊毛衫每件289元，皮靴每双165元，奶奶带了600元，这些商品各买一件，奶奶买了皮靴后还剩多少元？,服装超市里裤子每条 [NUM] 元，羊毛衫每件 [NUM] 元，皮靴每双 [NUM] 元，奶奶带了 [NUM] 元，这些商品各买一件，奶奶买了皮靴后还剩多少元？,奶奶买了皮靴后还剩多少元？,178 289 165 600,( ( n0 + n1 ) + n2 ) - n3,32.0,
服装超市里裤子每条178元，羊毛衫每件289元，皮靴每双165元，奶奶带了600元，这些商品各买一件，这些商品各买一件共需多少元？,服装超市里裤子每条 [NUM] 元，羊毛衫每件 [NUM] 元，皮靴每双 [NUM] 元，奶奶带了 [NUM] 元，这些商品各买一件，这些商品各买一件共需多少元？,这些商品各买一件共需多少元？,178 289 165 600,( ( n0 + n1 ) + n2 ) - n3,32.0,
服装超市里裤子每条178元，羊毛衫每件289元，皮靴每双165元，奶奶带了600元，这些商品各买一件，奶奶买了裤子和羊毛衫后还剩多少元？,服装超市里裤子每条 [NUM] 元，羊毛衫每件 [NUM] 元，皮靴每双 [NUM] 元，奶奶带了 [NUM] 元，这些商品各买一件，奶奶买了裤子和羊毛衫后还剩多少元？,奶奶买了裤子和羊毛衫后还剩多少元？,178 289 165 600,( ( n0 + n1 ) + n2 ) - n3,32.0,
服装超市里裤子每条178元，羊毛衫每件289元，皮靴每双165元，奶奶带了600元，这些商品各买一件，奶奶买了裤子和皮靴后还剩多少元？,服装超市里裤子每条 [NUM] 元，羊毛衫每件 [NUM] 元，皮靴每双 [NUM] 元，奶奶带了 [NUM] 元，这些商品各买一件，奶奶买了裤子和皮靴后还剩多少元？,奶奶买了裤子和皮靴后还剩多少元？,178 289 165 600,( ( n0 + n1 ) + n2 ) - n3,32.0,
服装超市里裤子每条178元，羊毛衫每件289元，皮靴每双165元，奶奶带了600元，这些商品各买一件，奶奶买了羊毛衫和皮靴后还剩多少元？,服装超市里裤子每条 [NUM] 元，羊毛衫每件 [NUM] 元，皮靴每双 [NUM] 元，奶奶带了 [NUM] 元，这些商品各买一件，奶奶买了羊毛衫和皮靴后还剩多少元？,奶奶买了羊毛衫和皮靴后还剩多少元？,178 289 165 600,( ( n0 + n1 ) + n2 ) - n3,32.0,
"一份报纸的批发价是2.35元,零售价是2.5元,小文利用周末卖报纸赚了50.25元,一份报纸的利润是多少元？","一份报纸的批发价是 [NUM] 元,零售价是 [NUM] 元,小文利用周末卖报纸赚了 [NUM] 元,一份报纸的利润是多少元？",一份报纸的利润是多少元？,2.35 2.5 50.25,n1 / n0,1.0638,
"一份报纸的批发价是2.35元,零售价是2.5元,小文利用周末卖报纸赚了50.25元,他卖了多少份报纸?","一份报纸的批发价是 [NUM] 元,零售价是 [NUM] 元,小文利用周末卖报纸赚了 [NUM] 元,他卖了多少份报纸?",他卖了多少份报纸?,2.35 2.5 50.25,n1 / n0,1.0638,
某饭店2月份的营业中应纳税的部分是180万元，按规定要缴纳3%的增值税还要按增值税的7%缴纳城市维护建设税．该饭店2月份应缴纳的增值税比城市维护建设税多多少万元？,某饭店 [NUM] 月份的营业中应纳税的部分是 [NUM] 万元，按规定要缴纳 [NUM] 的增值税还要按增值税的 [NUM] 缴纳城市维护建设税．该饭店 [NUM] 月份应缴纳的增值税比城市维护建设税多多少万元？,该饭店 [NUM] 月份应缴纳的增值税比城市维护建设税多多少万元？,2 180 0.03 0.07 2,( n1 * n2 ) * n3,0.378,
某饭店2月份的营业中应纳税的部分是180万元，按规定要缴纳3%的增值税还要按增值税的7%缴纳城市维护建设税．该饭店2月份总共应缴纳增值税和城市维护建设税多少万元？,某饭店 [NUM] 月份的营业中应纳税的部分是 [NUM] 万元，按规定要缴纳 [NUM] 的增值税还要按增值税的 [NUM] 缴纳城市维护建设税．该饭店 [NUM] 月份总共应缴纳增值税和城市维护建设税多少万元？,该饭店 [NUM] 月份总共应缴纳增值税和城市维护建设税多少万元？,2 180 0.03 0.07 2,( n1 * n2 ) * n3,0.378,
妈妈买了8.5kg苹果，给售货员50元，找回21.1元，买苹果花了多少元？,妈妈买了 [NUM] kg苹果，给售货员 [NUM] 元，找回 [NUM] 元，买苹果花了多少元？,买苹果花了多少元？,8.5 50 21.1,( n1 - n2 ) / n0,3.4,
一块长方形草坪的宽是8米，面积是240平方米，现在宽要增加到16米，长不变，草坪的长是多少米？,一块长方形草坪的宽是 [NUM] 米，面积是 [NUM] 平方米，现在宽要增加到 [NUM] 米，长不变，草坪的长是多少米？,草坪的长是多少米？,8 240 16,( n1 / n0 ) * n2 - n0,472.0,
一块长方形草坪的宽是8米，面积是240平方米，现在宽要增加到16米，长不变，宽增加了多少米？,一块长方形草坪的宽是 [NUM] 米，面积是 [NUM] 平方米，现在宽要增加到 [NUM] 米，长不变，宽增加了多少米？,宽增加了多少米？,8 240 16,( n1 / n0 ) * n2 - n0,472.0,
一块长方形草坪的宽是8米，面积是240平方米，现在宽要增加到16米，长不变，增加后的宽是增加前的几倍？,一块长方形草坪的宽是 [NUM] 米，面积是 [NUM] 平方米，现在宽要增加到 [NUM] 米，长不变，增加后的宽是增加前的几倍？,增加后的宽是增加前的几倍？,8 240 16,( n1 / n0 ) * n2 - n0,472.0,
一块长方形草坪的宽是8米，面积是240平方米，现在宽要增加到16米，长不变，扩大后的草坪面积是多少？,一块长方形草坪的宽是 [NUM] 米，面积是 [NUM] 平方米，现在宽要增加到 [NUM] 米，长不变，扩大后的草坪面积是多少？,扩大后的草坪面积是多少？,8 240 16,( n1 / n0 ) * n2 - n0,472.0,
一块长方形草坪的宽是8米，面积是240平方米，现在宽要增加到16米，长不变，草坪的长比增加后的宽的多少米？,一块长方形草坪的宽是 [NUM] 米，面积是 [NUM] 平方米，现在宽要增加到 [NUM] 米，长不变，草坪的长比增加后的宽的多少米？,草坪的长比增加后的宽的多少米？,8 240 16,( n1 / n0 ) * n2 - n0,472.0,
一块长方形草坪的宽是8米，面积是240平方米，现在宽要增加到16米，长不变，草坪的长是增加后的宽的几倍？,一块长方形草坪的宽是 [NUM] 米，面积是 [NUM] 平方米，现在宽要增加到 [NUM] 米，长不变，草坪的长是增加后的宽的几倍？,草坪的长是增加后的宽的几倍？,8 240 16,( n1 / n0 ) * n2 - n0,472.0,
供电局原来有捆电线长14.85米，工人师傅第一次用去0.75米，第二次又用去1.25米，第一次用去后电线还剩多少米？,供电局原来有捆电线长 [NUM] 米，工人师傅第一次用去 [NUM] 米，第二次又用去 [NUM] 米，第一次用去后电线还剩多少米？,第一次用去后电线还剩多少米？,14.85 0.75 1.25,( n0 - n1 ) - n2,12.85,
供电局原来有捆电线长14.85米，工人师傅第一次用去0.75米，第二次又用去1.25米，电线总长是第一次用去的长度的多少倍？,供电局原来有捆电线长 [NUM] 米，工人师傅第一次用去 [NUM] 米，第二次又用去 [NUM] 米，电线总长是第一次用去的长度的多少倍？,电线总长是第一次用去的长度的多少倍？,14.85 0.75 1.25,( n0 - n1 ) - n2,12.85,
供电局原来有捆电线长14.85米，工人师傅第一次用去0.75米，第二次又用去1.25米，电线总长是第二次用去的长度的多少倍？,供电局原来有捆电线长 [NUM] 米，工人师傅第一次用去 [NUM] 米，第二次又用去 [NUM] 米，电线总长是第二次用去的长度的多少倍？,电线总长是第二次用去的长度的多少倍？,14.85 0.75 1.25,( n0 - n1 ) - n2,12.85,
供电局原来有捆电线长14.85米，工人师傅第一次用去0.75米，第二次又用去1.25米，第一次用去的长度和电线总长的比是多少？,供电局原来有捆电线长 [NUM] 米，工人师傅第一次用去 [NUM] 米，第二次又用去 [NUM] 米，第一次用去的长度和电线总长的比是多少？,第一次用去的长度和电线总长的比是多少？,14.85 0.75 1.25,( n0 - n1 ) - n2,12.85,
供电局原来有捆电线长14.85米，工人师傅第一次用去0.75米，第二次又用去1.25米，第一次和第二次总共用去多少米？,供电局原来有捆电线长 [NUM] 米，工人师傅第一次用去 [NUM] 米，第二次又用去 [NUM] 米，第一次和第二次总共用去多少米？,第一次和第二次总共用去多少米？,14.85 0.75 1.25,( n0 - n1 ) - n2,12.85,
供电局原来有捆电线长14.85米，工人师傅第一次用去0.75米，第二次又用去1.25米，第一次用去的长度与第二次用去的长度的比是多少？,供电局原来有捆电线长 [NUM] 米，工人师傅第一次用去 [NUM] 米，第二次又用去 [NUM] 米，第一次用去的长度与第二次用去的长度的比是多少？,第一次用去的长度与第二次用去的长度的比是多少？,14.85 0.75 1.25,( n0 - n1 ) - n2,12.85,
供电局原来有捆电线长14.85米，工人师傅第一次用去0.75米，第二次又用去1.25米，第二次用去的长度和电线总长的比是多少？,供电局原来有捆电线长 [NUM] 米，工人师傅第一次用去 [NUM] 米，第二次又用去 [NUM] 米，第二次用去的长度和电线总长的比是多少？,第二次用去的长度和电线总长的比是多少？,14.85 0.75 1.25,( n0 - n1 ) - n2,12.85,
供电局原来有捆电线长14.85米，工人师傅第一次用去0.75米，第二次又用去1.25米，第二次用去的长度比第一次用去的长度长多少米？,供电局原来有捆电线长 [NUM] 米，工人师傅第一次用去 [NUM] 米，第二次又用去 [NUM] 米，第二次用去的长度比第一次用去的长度长多少米？,第二次用去的长度比第一次用去的长度长多少米？,14.85 0.75 1.25,( n0 - n1 ) - n2,12.85,
供电局原来有捆电线长14.85米，工人师傅第一次用去0.75米，第二次又用去1.25米，第二次用去的长度是第一次用去的长度的多少倍？,供电局原来有捆电线长 [NUM] 米，工人师傅第一次用去 [NUM] 米，第二次又用去 [NUM] 米，第二次用去的长度是第一次用去的长度的多少倍？,第二次用去的长度是第一次用去的长度的多少倍？,14.85 0.75 1.25,( n0 - n1 ) - n2,12.85,
供电局原来有捆电线长14.85米，工人师傅第一次用去0.75米，第二次又用去1.25米，第一次和第二次总共用去的长度与电线总长度的比是多少？,供电局原来有捆电线长 [NUM] 米，工人师傅第一次用去 [NUM] 米，第二次又用去 [NUM] 米，第一次和第二次总共用去的长度与电线总长度的比是多少？,第一次和第二次总共用去的长度与电线总长度的比是多少？,14.85 0.75 1.25,( n0 - n1 ) - n2,12.85,
供电局原来有捆电线长14.85米，工人师傅第一次用去0.75米，第二次又用去1.25米，电线总长度是第一次和第二次总共用去的长度的多少倍？,供电局原来有捆电线长 [NUM] 米，工人师傅第一次用去 [NUM] 米，第二次又用去 [NUM] 米，电线总长度是第一次和第二次总共用去的长度的多少倍？,电线总长度是第一次和第二次总共用去的长度的多少倍？,14.85 0.75 1.25,( n0 - n1 ) - n2,12.85,
供电局原来有捆电线长14.85米，工人师傅第一次用去0.75米，第二次又用去1.25米，剩下的电线长度与电线总长度的比是多少？,供电局原来有捆电线长 [NUM] 米，工人师傅第一次用去 [NUM] 米，第二次又用去 [NUM] 米，剩下的电线长度与电线总长度的比是多少？,剩下的电线长度与电线总长度的比是多少？,14.85 0.75 1.25,( n0 - n1 ) - n2,12.85,
供电局原来有捆电线长14.85米，工人师傅第一次用去0.75米，第二次又用去1.25米，电线总长度是剩下的电线长度的多少倍？,供电局原来有捆电线长 [NUM] 米，工人师傅第一次用去 [NUM] 米，第二次又用去 [NUM] 米，电线总长度是剩下的电线长度的多少倍？,电线总长度是剩下的电线长度的多少倍？,14.85 0.75 1.25,( n0 - n1 ) - n2,12.85,
光明小学有男少先队员378人，女少先队员434人。学校要给每位少先队员发一条红领巾，需要多少条红领巾？,光明小学有男少先队员 [NUM] 人，女少先队员 [NUM] 人。学校要给每位少先队员发一条红领巾，需要多少条红领巾？,需要多少条红领巾？,378 434,n1 - n0,56.0,
光明小学有男少先队员378人，女少先队员434人。学校要给每位少先队员发一条红领巾，男少先队员与女少先队员人数的比是多少？,光明小学有男少先队员 [NUM] 人，女少先队员 [NUM] 人。学校要给每位少先队员发一条红领巾，男少先队员与女少先队员人数的比是多少？,男少先队员与女少先队员人数的比是多少？,378 434,n1 - n0,56.0,
光明小学有男少先队员378人，女少先队员434人。学校要给每位少先队员发一条红领巾，女少先队员与男少先队员人数的比是多少？,光明小学有男少先队员 [NUM] 人，女少先队员 [NUM] 人。学校要给每位少先队员发一条红领巾，女少先队员与男少先队员人数的比是多少？,女少先队员与男少先队员人数的比是多少？,378 434,n1 - n0,56.0,
果园里种梨树18行，每行35棵。苹果树25行，每行32棵。果园里共有梨树多少棵？,果园里种梨树 [NUM] 行，每行 [NUM] 棵。苹果树 [NUM] 行，每行 [NUM] 棵。果园里共有梨树多少棵？,果园里共有梨树多少棵？,18 35 25 32,( n1 * n0 ) + ( n3 * n2 ),1430.0,
果园里种梨树18行，每行35棵。苹果树25行，每行32棵。果园里每行梨树比每行苹果树多多少棵？,果园里种梨树 [NUM] 行，每行 [NUM] 棵。苹果树 [NUM] 行，每行 [NUM] 棵。果园里每行梨树比每行苹果树多多少棵？,果园里每行梨树比每行苹果树多多少棵？,18 35 25 32,( n1 * n0 ) + ( n3 * n2 ),1430.0,
果园里种梨树18行，每行35棵。苹果树25行，每行32棵。果园里每行梨树的棵树是每行苹果树的多少倍？,果园里种梨树 [NUM] 行，每行 [NUM] 棵。苹果树 [NUM] 行，每行 [NUM] 棵。果园里每行梨树的棵树是每行苹果树的多少倍？,果园里每行梨树的棵树是每行苹果树的多少倍？,18 35 25 32,( n1 * n0 ) + ( n3 * n2 ),1430.0,
果园里种梨树18行，每行35棵。苹果树25行，每行32棵。果园里苹果树比梨树多多少行？,果园里种梨树 [NUM] 行，每行 [NUM] 棵。苹果树 [NUM] 行，每行 [NUM] 棵。果园里苹果树比梨树多多少行？,果园里苹果树比梨树多多少行？,18 35 25 32,( n1 * n0 ) + ( n3 * n2 ),1430.0,
果园里种梨树18行，每行35棵。苹果树25行，每行32棵。果园里苹果树的行数是梨树的多少倍？,果园里种梨树 [NUM] 行，每行 [NUM] 棵。苹果树 [NUM] 行，每行 [NUM] 棵。果园里苹果树的行数是梨树的多少倍？,果园里苹果树的行数是梨树的多少倍？,18 35 25 32,( n1 * n0 ) + ( n3 * n2 ),1430.0,
果园里种梨树18行，每行35棵。苹果树25行，每行32棵。果园里共有苹果树多少棵？,果园里种梨树 [NUM] 行，每行 [NUM] 棵。苹果树 [NUM] 行，每行 [NUM] 棵。果园里共有苹果树多少棵？,果园里共有苹果树多少棵？,18 35 25 32,( n1 * n0 ) + ( n3 * n2 ),1430.0,
果园里种梨树18行，每行35棵。苹果树25行，每行32棵。果园里苹果树比梨树多多少棵？,果园里种梨树 [NUM] 行，每行 [NUM] 棵。苹果树 [NUM] 行，每行 [NUM] 棵。果园里苹果树比梨树多多少棵？,果园里苹果树比梨树多多少棵？,18 35 25 32,( n1 * n0 ) + ( n3 * n2 ),1430.0,
果园里种梨树18行，每行35棵。苹果树25行，每行32棵。果园里苹果树是梨树的多少倍？,果园里种梨树 [NUM] 行，每行 [NUM] 棵。苹果树 [NUM] 行，每行 [NUM] 棵。果园里苹果树是梨树的多少倍？,果园里苹果树是梨树的多少倍？,18 35 25 32,( n1 * n0 ) + ( n3 * n2 ),1430.0,
一件衣服售价34元，比原来便宜15%，比原来便宜多少元钱？,一件衣服售价 [NUM] 元，比原来便宜 [NUM] ，比原来便宜多少元钱？,比原来便宜多少元钱？,34 0.15,n0 / ( x1 - n1 ),40.0,1
养鸡厂用900个鸡蛋孵鸡，上午孵出337只小鸡，下午比上午多孵出118只，下午孵出了多少只小鸡？,养鸡厂用 [NUM] 个鸡蛋孵鸡，上午孵出 [NUM] 只小鸡，下午比上午多孵出 [NUM] 只，下午孵出了多少只小鸡？,下午孵出了多少只小鸡？,900 337 118,n0 - ( n1 + n1 + n2 ),108.0,
养鸡厂用900个鸡蛋孵鸡，上午孵出337只小鸡，下午比上午多孵出118只，上午和下午一共孵出了多少只小鸡？,养鸡厂用 [NUM] 个鸡蛋孵鸡，上午孵出 [NUM] 只小鸡，下午比上午多孵出 [NUM] 只，上午和下午一共孵出了多少只小鸡？,上午和下午一共孵出了多少只小鸡？,900 337 118,n0 - ( n1 + n1 + n2 ),108.0,
李老师得到一笔4000元的稿费，其中800元是免税的，其余部分要按14%的税率缴纳个人所得税．其中多少元需要缴纳个人所得税？,李老师得到一笔 [NUM] 元的稿费，其中 [NUM] 元是免税的，其余部分要按 [NUM] 的税率缴纳个人所得税．其中多少元需要缴纳个人所得税？,其中多少元需要缴纳个人所得税？,4000 800 0.14,n1 / n0,0.2,
李老师得到一笔4000元的稿费，其中800元是免税的，其余部分要按14%的税率缴纳个人所得税．稿费是免税部分的多少倍？,李老师得到一笔 [NUM] 元的稿费，其中 [NUM] 元是免税的，其余部分要按 [NUM] 的税率缴纳个人所得税．稿费是免税部分的多少倍？,稿费是免税部分的多少倍？,4000 800 0.14,n1 / n0,0.2,
李老师得到一笔4000元的稿费，其中800元是免税的，其余部分要按14%的税率缴纳个人所得税．这笔稿费李老师交税多少元？,李老师得到一笔 [NUM] 元的稿费，其中 [NUM] 元是免税的，其余部分要按 [NUM] 的税率缴纳个人所得税．这笔稿费李老师交税多少元？,这笔稿费李老师交税多少元？,4000 800 0.14,n1 / n0,0.2,
李老师得到一笔4000元的稿费，其中800元是免税的，其余部分要按14%的税率缴纳个人所得税．交税后稿费还剩多少元？,李老师得到一笔 [NUM] 元的稿费，其中 [NUM] 元是免税的，其余部分要按 [NUM] 的税率缴纳个人所得税．交税后稿费还剩多少元？,交税后稿费还剩多少元？,4000 800 0.14,n1 / n0,0.2,
小红有12张贴画，小亮有39张，小红和小亮总共有多少张？,小红有 [NUM] 张贴画，小亮有 [NUM] 张，小红和小亮总共有多少张？,小红和小亮总共有多少张？,12 39,n1 / n0,3.25,
小红有12张贴画，小亮有39张，小亮比小红多多少张？,小红有 [NUM] 张贴画，小亮有 [NUM] 张，小亮比小红多多少张？,小亮比小红多多少张？,12 39,n1 / n0,3.25,
小红有12张贴画，小亮有39张，小红的贴画与小亮的贴画的比是多少？,小红有 [NUM] 张贴画，小亮有 [NUM] 张，小红的贴画与小亮的贴画的比是多少？,小红的贴画与小亮的贴画的比是多少？,12 39,n1 / n0,3.25,
一个淘宝网店上午接了379个订单，下午接了495个订单，今天准备了800张订单够吗？上午和下午总共接了多少个订单？,一个淘宝网店上午接了 [NUM] 个订单，下午接了 [NUM] 个订单，今天准备了 [NUM] 张订单够吗？上午和下午总共接了多少个订单？,上午和下午总共接了多少个订单？,379 495 800,n1 - n0,116.0,
一个淘宝网店上午接了379个订单，下午接了495个订单，今天准备了800张订单够吗？上午接的订单与下午接的订单的比是多少？,一个淘宝网店上午接了 [NUM] 个订单，下午接了 [NUM] 个订单，今天准备了 [NUM] 张订单够吗？上午接的订单与下午接的订单的比是多少？,上午接的订单与下午接的订单的比是多少？,379 495 800,n1 - n0,116.0,
一个淘宝网店上午接了379个订单，下午接了495个订单，今天准备了800张订单够吗？下午接的订单与上午接的订单的比是多少？,一个淘宝网店上午接了 [NUM] 个订单，下午接了 [NUM] 个订单，今天准备了 [NUM] 张订单够吗？下午接的订单与上午接的订单的比是多少？,下午接的订单与上午接的订单的比是多少？,379 495 800,n1 - n0,116.0,
一个淘宝网店上午接了379个订单，下午接了495个订单，今天准备了800张订单够吗？还差多少张订单？,一个淘宝网店上午接了 [NUM] 个订单，下午接了 [NUM] 个订单，今天准备了 [NUM] 张订单够吗？还差多少张订单？,还差多少张订单？,379 495 800,n1 - n0,116.0,
一个淘宝网店上午接了379个订单，下午接了495个订单，今天准备了800张订单够吗？今天接的订单数量与准备的面单数量的比是多少？,一个淘宝网店上午接了 [NUM] 个订单，下午接了 [NUM] 个订单，今天准备了 [NUM] 张订单够吗？今天接的订单数量与准备的面单数量的比是多少？,今天接的订单数量与准备的面单数量的比是多少？,379 495 800,n1 - n0,116.0,
欢乐剧场的观众席分A、B、C三个区，A区有244个座位，B区有228个座位，C区比A、B两区的总和少122个座位，A区和B区总共多少个座位？,欢乐剧场的观众席分A、B、C三个区，A区有 [NUM] 个座位，B区有 [NUM] 个座位，C区比A、B两区的总和少 [NUM] 个座位，A区和B区总共多少个座位？,A区和B区总共多少个座位？,244 228 122,n1 / n0,0.9344,
欢乐剧场的观众席分A、B、C三个区，A区有244个座位，B区有228个座位，C区比A、B两区的总和少122个座位，A区比B区多多少个座位？,欢乐剧场的观众席分A、B、C三个区，A区有 [NUM] 个座位，B区有 [NUM] 个座位，C区比A、B两区的总和少 [NUM] 个座位，A区比B区多多少个座位？,A区比B区多多少个座位？,244 228 122,n1 / n0,0.9344,
欢乐剧场的观众席分A、B、C三个区，A区有244个座位，B区有228个座位，C区比A、B两区的总和少122个座位，A区与B区的座位比是多少？,欢乐剧场的观众席分A、B、C三个区，A区有 [NUM] 个座位，B区有 [NUM] 个座位，C区比A、B两区的总和少 [NUM] 个座位，A区与B区的座位比是多少？,A区与B区的座位比是多少？,244 228 122,n1 / n0,0.9344,
欢乐剧场的观众席分A、B、C三个区，A区有244个座位，B区有228个座位，C区比A、B两区的总和少122个座位，B区和A区总共多少个座位？,欢乐剧场的观众席分A、B、C三个区，A区有 [NUM] 个座位，B区有 [NUM] 个座位，C区比A、B两区的总和少 [NUM] 个座位，B区和A区总共多少个座位？,B区和A区总共多少个座位？,244 228 122,n1 / n0,0.9344,
欢乐剧场的观众席分A、B、C三个区，A区有244个座位，B区有228个座位，C区比A、B两区的总和少122个座位，C区有多少个座位？,欢乐剧场的观众席分A、B、C三个区，A区有 [NUM] 个座位，B区有 [NUM] 个座位，C区比A、B两区的总和少 [NUM] 个座位，C区有多少个座位？,C区有多少个座位？,244 228 122,n1 / n0,0.9344,
欢乐剧场的观众席分A、B、C三个区，A区有244个座位，B区有228个座位，C区比A、B两区的总和少122个座位，欢乐剧场一共能容纳多少名观众？,欢乐剧场的观众席分A、B、C三个区，A区有 [NUM] 个座位，B区有 [NUM] 个座位，C区比A、B两区的总和少 [NUM] 个座位，欢乐剧场一共能容纳多少名观众？,欢乐剧场一共能容纳多少名观众？,244 228 122,n1 / n0,0.9344,
网上书店上午接了269个订单，下午接了348个订单，网上书店下午比上午多接了多少个订单？,网上书店上午接了 [NUM] 个订单，下午接了 [NUM] 个订单，网上书店下午比上午多接了多少个订单？,网上书店下午比上午多接了多少个订单？,269 348,n0 + n1,617.0,
网上书店上午接了269个订单，下午接了348个订单，网上书店下午接的订单是上午的多少倍？,网上书店上午接了 [NUM] 个订单，下午接了 [NUM] 个订单，网上书店下午接的订单是上午的多少倍？,网上书店下午接的订单是上午的多少倍？,269 348,n0 + n1,617.0,
李老师得到一笔4000元的稿费，其中800元是免税的，其余部分要按14%的税率缴纳个人所得税．需要缴税的部分是多少元？,李老师得到一笔 [NUM] 元的稿费，其中 [NUM] 元是免税的，其余部分要按 [NUM] 的税率缴纳个人所得税．需要缴税的部分是多少元？,需要缴税的部分是多少元？,4000 800 0.14,n1 / n0,0.2,
李老师得到一笔4000元的稿费，其中800元是免税的，其余部分要按14%的税率缴纳个人所得税．总稿费是免税部分的多少倍？,李老师得到一笔 [NUM] 元的稿费，其中 [NUM] 元是免税的，其余部分要按 [NUM] 的税率缴纳个人所得税．总稿费是免税部分的多少倍？,总稿费是免税部分的多少倍？,4000 800 0.14,n1 / n0,0.2,
李老师得到一笔4000元的稿费，其中800元是免税的，其余部分要按14%的税率缴纳个人所得税．这笔稿费李老师交税多少元？,李老师得到一笔 [NUM] 元的稿费，其中 [NUM] 元是免税的，其余部分要按 [NUM] 的税率缴纳个人所得税．这笔稿费李老师交税多少元？,这笔稿费李老师交税多少元？,4000 800 0.14,n1 / n0,0.2,
李老师得到一笔4000元的稿费，其中800元是免税的，其余部分要按14%的税率缴纳个人所得税．这笔稿费交税后还剩多少元？,李老师得到一笔 [NUM] 元的稿费，其中 [NUM] 元是免税的，其余部分要按 [NUM] 的税率缴纳个人所得税．这笔稿费交税后还剩多少元？,这笔稿费交税后还剩多少元？,4000 800 0.14,n1 / n0,0.2,
一块长方形菜地长25米，宽8米，把菜地的宽扩大12米，长方形菜地原来的长比宽长多少米？,一块长方形菜地长 [NUM] 米，宽 [NUM] 米，把菜地的宽扩大 [NUM] 米，长方形菜地原来的长比宽长多少米？,长方形菜地原来的长比宽长多少米？,25 8 12,n0 / n1,3.125,
一块长方形菜地长25米，宽8米，把菜地的宽扩大12米，宽和长的比例是多少？,一块长方形菜地长 [NUM] 米，宽 [NUM] 米，把菜地的宽扩大 [NUM] 米，宽和长的比例是多少？,宽和长的比例是多少？,25 8 12,n0 / n1,3.125,
一块长方形菜地长25米，宽8米，把菜地的宽扩大12米，现在菜地的宽是多少米？,一块长方形菜地长 [NUM] 米，宽 [NUM] 米，把菜地的宽扩大 [NUM] 米，现在菜地的宽是多少米？,现在菜地的宽是多少米？,25 8 12,n0 / n1,3.125,
一块长方形菜地长25米，宽8米，把菜地的宽扩大12米，原来菜地的周长是多少米？,一块长方形菜地长 [NUM] 米，宽 [NUM] 米，把菜地的宽扩大 [NUM] 米，原来菜地的周长是多少米？,原来菜地的周长是多少米？,25 8 12,n0 / n1,3.125,
一块长方形菜地长25米，宽8米，把菜地的宽扩大12米，现在菜地的面积是多少？,一块长方形菜地长 [NUM] 米，宽 [NUM] 米，把菜地的宽扩大 [NUM] 米，现在菜地的面积是多少？,现在菜地的面积是多少？,25 8 12,n0 / n1,3.125,
一块长方形菜地长25米，宽8米，把菜地的宽扩大12米，现在菜地的长比宽长多少米？,一块长方形菜地长 [NUM] 米，宽 [NUM] 米，把菜地的宽扩大 [NUM] 米，现在菜地的长比宽长多少米？,现在菜地的长比宽长多少米？,25 8 12,n0 / n1,3.125,
一块长方形菜地长25米，宽8米，把菜地的宽扩大12米，长是现在菜地宽的多少倍？,一块长方形菜地长 [NUM] 米，宽 [NUM] 米，把菜地的宽扩大 [NUM] 米，长是现在菜地宽的多少倍？,长是现在菜地宽的多少倍？,25 8 12,n0 / n1,3.125,
一块长方形菜地长25米，宽8米，把菜地的宽扩大12米，现在菜地的宽和长的比例是多少？,一块长方形菜地长 [NUM] 米，宽 [NUM] 米，把菜地的宽扩大 [NUM] 米，现在菜地的宽和长的比例是多少？,现在菜地的宽和长的比例是多少？,25 8 12,n0 / n1,3.125,
一块长方形菜地长25米，宽8米，把菜地的宽扩大12米，现在菜地的周长是多少米？,一块长方形菜地长 [NUM] 米，宽 [NUM] 米，把菜地的宽扩大 [NUM] 米，现在菜地的周长是多少米？,现在菜地的周长是多少米？,25 8 12,n0 / n1,3.125,
修路队在一周的前3天共修路1.5千米，后4天平均每天修路0.28千米。修路队这一周共修路多少千米？,修路队在一周的前 [NUM] 天共修路 [NUM] 千米，后 [NUM] 天平均每天修路 [NUM] 千米。修路队这一周共修路多少千米？,修路队这一周共修路多少千米？,3 1.5 4 0.28,n1 * n0,4.5,
修路队在一周的前3天共修路1.5千米，后4天平均每天修路0.28千米。前三三天比后四天多修路多少千米？,修路队在一周的前 [NUM] 天共修路 [NUM] 千米，后 [NUM] 天平均每天修路 [NUM] 千米。前三三天比后四天多修路多少千米？,前三三天比后四天多修路多少千米？,3 1.5 4 0.28,n1 * n0,4.5,
文化用品厂，要装订笔记本840本，装订了8天，还有200本没有装订，平均每天装订多少本？,文化用品厂，要装订笔记本 [NUM] 本，装订了 [NUM] 天，还有 [NUM] 本没有装订，平均每天装订多少本？,平均每天装订多少本？,840 8 200,n0 - n2,640.0,
学校买来5盒羽毛球，每盒12个，共用240元，平均每盒羽毛球多少元钱？,学校买来 [NUM] 盒羽毛球，每盒 [NUM] 个，共用 [NUM] 元，平均每盒羽毛球多少元钱？,平均每盒羽毛球多少元钱？,5 12 240,n1 * n0,60.0,
学校买来5盒羽毛球，每盒12个，共用240元，平均每个羽毛球多少元钱？,学校买来 [NUM] 盒羽毛球，每盒 [NUM] 个，共用 [NUM] 元，平均每个羽毛球多少元钱？,平均每个羽毛球多少元钱？,5 12 240,n1 * n0,60.0,
回收1千克废纸可生产0.8千克再生纸。如果每人回收1.6千克的废纸，五(1)班48人总共回收多少千克的废纸？,回收 [NUM] 千克废纸可生产 [NUM] 千克再生纸。如果每人回收 [NUM] 千克的废纸，五( [NUM] )班 [NUM] 人总共回收多少千克的废纸？,五( [NUM] )班 [NUM] 人总共回收多少千克的废纸？,1 0.8 1.6 1 48,( n4 * n2 ) * n1,61.44,
二(1)班栽杨树36棵，松树比杨树多栽了6棵，其中31棵是男生栽的．栽的松树与栽的杨树的比是多少？,二( [NUM] )班栽杨树 [NUM] 棵，松树比杨树多栽了 [NUM] 棵，其中 [NUM] 棵是男生栽的．栽的松树与栽的杨树的比是多少？,栽的松树与栽的杨树的比是多少？,1 36 6 31,n1 + n2,42.0,
二(1)班栽杨树36棵，松树比杨树多栽了6棵，其中31棵是男生栽的．多少棵是女生栽的？,二( [NUM] )班栽杨树 [NUM] 棵，松树比杨树多栽了 [NUM] 棵，其中 [NUM] 棵是男生栽的．多少棵是女生栽的？,多少棵是女生栽的？,1 36 6 31,n1 + n2,42.0,
